geoid,county,lat,lon,source_boundary,source_boundary_url,population,age65,poverty,uninsured,acs_release,source_acs,source_acs_url,source_acs_retrieval_url,hospitals,nearest,rate,density_class,source_density_class,source_hospital_count,source_hospital_count_url,source_nearest,source_nearest_url,source_rate,source_rate_url,retrieved_at
42001,Adams,39.871447,-77.217883,"U.S. Census Bureau, TIGERweb State/County boundaries",https://tigerweb.geo.census.gov/arcgis/rest/services/TIGERweb/State_County/MapServer/1/query,107914,23.44,6.56,6.68,ACS 2024 1-year,"U.S. Census Bureau, American Community Survey 2024 ACS 2024 1-year (via Census Reporter mirror)",https://api.census.gov/data/2024/acs/acs1,https://api.censusreporter.org/1.0/data/show/latest?table_ids=B01001%2CB17001%2CB27010&geo_ids=05000US42001,1,3.4,0.93,County market,Derived from ACS population threshold; not an official rurality designation,"U.S. Centers for Medicare & Medicaid Services, Hospital General Information",https://data.cms.gov/provider-data/dataset/xubh-q36u,Derived: county boundary centroid + geocoded CMS hospital addresses,https://tigerweb.geo.census.gov/arcgis/rest/services/TIGERweb/State_County/MapServer/1/query | https://geocoding.geo.census.gov/geocoder/locations/address,"Derived: CMS hospital count / ACS population * 100,000",https://data.cms.gov/provider-data/dataset/xubh-q36u | https://api.census.gov/data/2024/acs/acs5,2026-08-22
42003,Allegheny,40.468789,-79.981217,"U.S. Census Bureau, TIGERweb State/County boundaries",https://tigerweb.geo.census.gov/arcgis/rest/services/TIGERweb/State_County/MapServer/1/query,1231814,21.11,11.83,3.59,ACS 2024 1-year,"U.S. Census Bureau, American Community Survey 2024 ACS 2024 1-year (via Census Reporter mirror)",https://api.census.gov/data/2024/acs/acs1,https://api.censusreporter.org/1.0/data/show/latest?table_ids=B01001%2CB17001%2CB27010&geo_ids=05000US42003,14,1.5,1.14,County market,Derived from ACS population threshold; not an official rurality designation,"U.S. Centers for Medicare & Medicaid Services, Hospital General Information",https://data.cms.gov/provider-data/dataset/xubh-q36u,Derived: county boundary centroid + geocoded CMS hospital addresses,https://tigerweb.geo.census.gov/arcgis/rest/services/TIGERweb/State_County/MapServer/1/query | https://geocoding.geo.census.gov/geocoder/locations/address,"Derived: CMS hospital count / ACS population * 100,000",https://data.cms.gov/provider-data/dataset/xubh-q36u | https://api.census.gov/data/2024/acs/acs5,2026-08-22
42005,Armstrong,40.812097,-79.464584,"U.S. Census Bureau, TIGERweb State/County boundaries",https://tigerweb.geo.census.gov/arcgis/rest/services/TIGERweb/State_County/MapServer/1/query,63679,25.65,12.4,4.17,ACS 2024 1-year,"U.S. Census Bureau, American Community Survey 2024 ACS 2024 1-year (via Census Reporter mirror)",https://api.census.gov/data/2024/acs/acs1,https://api.censusreporter.org/1.0/data/show/latest?table_ids=B01001%2CB17001%2CB27010&geo_ids=05000US42005,1,5.1,1.57,Rural,Derived from ACS population threshold; not an official rurality designation,"U.S. Centers for Medicare & Medicaid Services, Hospital General Information",https://data.cms.gov/provider-data/dataset/xubh-q36u,Derived: county boundary centroid + geocoded CMS hospital addresses,https://tigerweb.geo.census.gov/arcgis/rest/services/TIGERweb/State_County/MapServer/1/query | https://geocoding.geo.census.gov/geocoder/locations/address,"Derived: CMS hospital count / ACS population * 100,000",https://data.cms.gov/provider-data/dataset/xubh-q36u | https://api.census.gov/data/2024/acs/acs5,2026-08-22
42007,Beaver,40.682262,-80.349295,"U.S. Census Bureau, TIGERweb State/County boundaries",https://tigerweb.geo.census.gov/arcgis/rest/services/TIGERweb/State_County/MapServer/1/query,165540,23.4,11.02,4.44,ACS 2024 1-year,"U.S. Census Bureau, American Community Survey 2024 ACS 2024 1-year (via Census Reporter mirror)",https://api.census.gov/data/2024/acs/acs1,https://api.censusreporter.org/1.0/data/show/latest?table_ids=B01001%2CB17001%2CB27010&geo_ids=05000US42007,1,2.3,0.6,County market,Derived from ACS population threshold; not an official rurality designation,"U.S. Centers for Medicare & Medicaid Services, Hospital General Information",https://data.cms.gov/provider-data/dataset/xubh-q36u,Derived: county boundary centroid + geocoded CMS hospital addresses,https://tigerweb.geo.census.gov/arcgis/rest/services/TIGERweb/State_County/MapServer/1/query | https://geocoding.geo.census.gov/geocoder/locations/address,"Derived: CMS hospital count / ACS population * 100,000",https://data.cms.gov/provider-data/dataset/xubh-q36u | https://api.census.gov/data/2024/acs/acs5,2026-08-22
42009,Bedford,40.00647,-78.490278,"U.S. Census Bureau, TIGERweb State/County boundaries",https://tigerweb.geo.census.gov/arcgis/rest/services/TIGERweb/State_County/MapServer/1/query,47513,23.97,11.55,7.75,ACS 2024 5-year,"U.S. Census Bureau, American Community Survey 2024 ACS 2024 5-year (via Census Reporter mirror)",https://api.census.gov/data/2024/acs/acs5,https://api.censusreporter.org/1.0/data/show/latest?table_ids=B01001%2CB17001%2CB27010&geo_ids=05000US42009,0,23.5,0.0,Rural,Derived from ACS population threshold; not an official rurality designation,"U.S. Centers for Medicare & Medicaid Services, Hospital General Information",https://data.cms.gov/provider-data/dataset/xubh-q36u,Derived: county boundary centroid + geocoded CMS hospital addresses,https://tigerweb.geo.census.gov/arcgis/rest/services/TIGERweb/State_County/MapServer/1/query | https://geocoding.geo.census.gov/geocoder/locations/address,"Derived: CMS hospital count / ACS population * 100,000",https://data.cms.gov/provider-data/dataset/xubh-q36u | https://api.census.gov/data/2024/acs/acs5,2026-08-22
42011,Berks,40.416296,-75.925998,"U.S. Census Bureau, TIGERweb State/County boundaries",https://tigerweb.geo.census.gov/arcgis/rest/services/TIGERweb/State_County/MapServer/1/query,439117,18.77,13.35,8.46,ACS 2024 1-year,"U.S. Census Bureau, American Community Survey 2024 ACS 2024 1-year (via Census Reporter mirror)",https://api.census.gov/data/2024/acs/acs1,https://api.censusreporter.org/1.0/data/show/latest?table_ids=B01001%2CB17001%2CB27010&geo_ids=05000US42011,3,3.9,0.68,County market,Derived from ACS population threshold; not an official rurality designation,"U.S. Centers for Medicare & Medicaid Services, Hospital General Information",https://data.cms.gov/provider-data/dataset/xubh-q36u,Derived: county boundary centroid + geocoded CMS hospital addresses,https://tigerweb.geo.census.gov/arcgis/rest/services/TIGERweb/State_County/MapServer/1/query | https://geocoding.geo.census.gov/geocoder/locations/address,"Derived: CMS hospital count / ACS population * 100,000",https://data.cms.gov/provider-data/dataset/xubh-q36u | https://api.census.gov/data/2024/acs/acs5,2026-08-22
42013,Blair,40.481117,-78.348296,"U.S. Census Bureau, TIGERweb State/County boundaries",https://tigerweb.geo.census.gov/arcgis/rest/services/TIGERweb/State_County/MapServer/1/query,120269,22.2,11.76,7.26,ACS 2024 1-year,"U.S. Census Bureau, American Community Survey 2024 ACS 2024 1-year (via Census Reporter mirror)",https://api.census.gov/data/2024/acs/acs1,https://api.censusreporter.org/1.0/data/show/latest?table_ids=B01001%2CB17001%2CB27010&geo_ids=05000US42013,2,3.8,1.66,County market,Derived from ACS population threshold; not an official rurality designation,"U.S. Centers for Medicare & Medicaid Services, Hospital General Information",https://data.cms.gov/provider-data/dataset/xubh-q36u,Derived: county boundary centroid + geocoded CMS hospital addresses,https://tigerweb.geo.census.gov/arcgis/rest/services/TIGERweb/State_County/MapServer/1/query | https://geocoding.geo.census.gov/geocoder/locations/address,"Derived: CMS hospital count / ACS population * 100,000",https://data.cms.gov/provider-data/dataset/xubh-q36u | https://api.census.gov/data/2024/acs/acs5,2026-08-22
42015,Bradford,41.788658,-76.515422,"U.S. Census Bureau, TIGERweb State/County boundaries",https://tigerweb.geo.census.gov/arcgis/rest/services/TIGERweb/State_County/MapServer/1/query,59858,22.41,12.65,6.73,ACS 2024 5-year,"U.S. Census Bureau, American Community Survey 2024 ACS 2024 5-year (via Census Reporter mirror)",https://api.census.gov/data/2024/acs/acs5,https://api.censusreporter.org/1.0/data/show/latest?table_ids=B01001%2CB17001%2CB27010&geo_ids=05000US42015,0,49.7,0.0,Rural,Derived from ACS population threshold; not an official rurality designation,"U.S. Centers for Medicare & Medicaid Services, Hospital General Information",https://data.cms.gov/provider-data/dataset/xubh-q36u,Derived: county boundary centroid + geocoded CMS hospital addresses,https://tigerweb.geo.census.gov/arcgis/rest/services/TIGERweb/State_County/MapServer/1/query | https://geocoding.geo.census.gov/geocoder/locations/address,"Derived: CMS hospital count / ACS population * 100,000",https://data.cms.gov/provider-data/dataset/xubh-q36u | https://api.census.gov/data/2024/acs/acs5,2026-08-22
42017,Bucks,40.336933,-75.10688,"U.S. Census Bureau, TIGERweb State/County boundaries",https://tigerweb.geo.census.gov/arcgis/rest/services/TIGERweb/State_County/MapServer/1/query,650131,22.05,5.98,4.35,ACS 2024 1-year,"U.S. Census Bureau, American Community Survey 2024 ACS 2024 1-year (via Census Reporter mirror)",https://api.census.gov/data/2024/acs/acs1,https://api.censusreporter.org/1.0/data/show/latest?table_ids=B01001%2CB17001%2CB27010&geo_ids=05000US42017,4,3.0,0.62,County market,Derived from ACS population threshold; not an official rurality designation,"U.S. Centers for Medicare & Medicaid Services, Hospital General Information",https://data.cms.gov/provider-data/dataset/xubh-q36u,Derived: county boundary centroid + geocoded CMS hospital addresses,https://tigerweb.geo.census.gov/arcgis/rest/services/TIGERweb/State_County/MapServer/1/query | https://geocoding.geo.census.gov/geocoder/locations/address,"Derived: CMS hospital count / ACS population * 100,000",https://data.cms.gov/provider-data/dataset/xubh-q36u | https://api.census.gov/data/2024/acs/acs5,2026-08-22
42019,Butler,40.912014,-79.913306,"U.S. Census Bureau, TIGERweb State/County boundaries",https://tigerweb.geo.census.gov/arcgis/rest/services/TIGERweb/State_County/MapServer/1/query,199341,21.9,7.52,3.71,ACS 2024 1-year,"U.S. Census Bureau, American Community Survey 2024 ACS 2024 1-year (via Census Reporter mirror)",https://api.census.gov/data/2024/acs/acs1,https://api.censusreporter.org/1.0/data/show/latest?table_ids=B01001%2CB17001%2CB27010&geo_ids=05000US42019,0,19.6,0.0,County market,Derived from ACS population threshold; not an official rurality designation,"U.S. Centers for Medicare & Medicaid Services, Hospital General Information",https://data.cms.gov/provider-data/dataset/xubh-q36u,Derived: county boundary centroid + geocoded CMS hospital addresses,https://tigerweb.geo.census.gov/arcgis/rest/services/TIGERweb/State_County/MapServer/1/query | https://geocoding.geo.census.gov/geocoder/locations/address,"Derived: CMS hospital count / ACS population * 100,000",https://data.cms.gov/provider-data/dataset/xubh-q36u | https://api.census.gov/data/2024/acs/acs5,2026-08-22
42021,Cambria,40.495171,-78.71339,"U.S. Census Bureau, TIGERweb State/County boundaries",https://tigerweb.geo.census.gov/arcgis/rest/services/TIGERweb/State_County/MapServer/1/query,130108,24.85,14.67,2.4,ACS 2024 1-year,"U.S. Census Bureau, American Community Survey 2024 ACS 2024 1-year (via Census Reporter mirror)",https://api.census.gov/data/2024/acs/acs1,https://api.censusreporter.org/1.0/data/show/latest?table_ids=B01001%2CB17001%2CB27010&geo_ids=05000US42021,1,16.7,0.77,County market,Derived from ACS population threshold; not an official rurality designation,"U.S. Centers for Medicare & Medicaid Services, Hospital General Information",https://data.cms.gov/provider-data/dataset/xubh-q36u,Derived: county boundary centroid + geocoded CMS hospital addresses,https://tigerweb.geo.census.gov/arcgis/rest/services/TIGERweb/State_County/MapServer/1/query | https://geocoding.geo.census.gov/geocoder/locations/address,"Derived: CMS hospital count / ACS population * 100,000",https://data.cms.gov/provider-data/dataset/xubh-q36u | https://api.census.gov/data/2024/acs/acs5,2026-08-22
42023,Cameron,41.436802,-78.203971,"U.S. Census Bureau, TIGERweb State/County boundaries",https://tigerweb.geo.census.gov/arcgis/rest/services/TIGERweb/State_County/MapServer/1/query,4427,29.46,13.51,2.12,ACS 2024 5-year,"U.S. Census Bureau, American Community Survey 2024 ACS 2024 5-year (via Census Reporter mirror)",https://api.census.gov/data/2024/acs/acs5,https://api.censusreporter.org/1.0/data/show/latest?table_ids=B01001%2CB17001%2CB27010&geo_ids=05000US42023,0,37.1,0.0,Rural,Derived from ACS population threshold; not an official rurality designation,"U.S. Centers for Medicare & Medicaid Services, Hospital General Information",https://data.cms.gov/provider-data/dataset/xubh-q36u,Derived: county boundary centroid + geocoded CMS hospital addresses,https://tigerweb.geo.census.gov/arcgis/rest/services/TIGERweb/State_County/MapServer/1/query | https://geocoding.geo.census.gov/geocoder/locations/address,"Derived: CMS hospital count / ACS population * 100,000",https://data.cms.gov/provider-data/dataset/xubh-q36u | https://api.census.gov/data/2024/acs/acs5,2026-08-22
42025,Carbon,40.918208,-75.708854,"U.S. Census Bureau, TIGERweb State/County boundaries",https://tigerweb.geo.census.gov/arcgis/rest/services/TIGERweb/State_County/MapServer/1/query,65382,22.63,12.31,5.8,ACS 2024 5-year,"U.S. Census Bureau, American Community Survey 2024 ACS 2024 5-year (via Census Reporter mirror)",https://api.census.gov/data/2024/acs/acs5,https://api.censusreporter.org/1.0/data/show/latest?table_ids=B01001%2CB17001%2CB27010&geo_ids=05000US42025,0,13.4,0.0,Rural,Derived from ACS population threshold; not an official rurality designation,"U.S. Centers for Medicare & Medicaid Services, Hospital General Information",https://data.cms.gov/provider-data/dataset/xubh-q36u,Derived: county boundary centroid + geocoded CMS hospital addresses,https://tigerweb.geo.census.gov/arcgis/rest/services/TIGERweb/State_County/MapServer/1/query | https://geocoding.geo.census.gov/geocoder/locations/address,"Derived: CMS hospital count / ACS population * 100,000",https://data.cms.gov/provider-data/dataset/xubh-q36u | https://api.census.gov/data/2024/acs/acs5,2026-08-22
42027,Centre,40.918963,-77.819967,"U.S. Census Bureau, TIGERweb State/County boundaries",https://tigerweb.geo.census.gov/arcgis/rest/services/TIGERweb/State_County/MapServer/1/query,159805,16.83,14.76,4.62,ACS 2024 1-year,"U.S. Census Bureau, American Community Survey 2024 ACS 2024 1-year (via Census Reporter mirror)",https://api.census.gov/data/2024/acs/acs1,https://api.censusreporter.org/1.0/data/show/latest?table_ids=B01001%2CB17001%2CB27010&geo_ids=05000US42027,0,31.0,0.0,County market,Derived from ACS population threshold; not an official rurality designation,"U.S. Centers for Medicare & Medicaid Services, Hospital General Information",https://data.cms.gov/provider-data/dataset/xubh-q36u,Derived: county boundary centroid + geocoded CMS hospital addresses,https://tigerweb.geo.census.gov/arcgis/rest/services/TIGERweb/State_County/MapServer/1/query | https://geocoding.geo.census.gov/geocoder/locations/address,"Derived: CMS hospital count / ACS population * 100,000",https://data.cms.gov/provider-data/dataset/xubh-q36u | https://api.census.gov/data/2024/acs/acs5,2026-08-22
42029,Chester,39.97318,-75.748479,"U.S. Census Bureau, TIGERweb State/County boundaries",https://tigerweb.geo.census.gov/arcgis/rest/services/TIGERweb/State_County/MapServer/1/query,560745,18.71,6.34,4.83,ACS 2024 1-year,"U.S. Census Bureau, American Community Survey 2024 ACS 2024 1-year (via Census Reporter mirror)",https://api.census.gov/data/2024/acs/acs1,https://api.censusreporter.org/1.0/data/show/latest?table_ids=B01001%2CB17001%2CB27010&geo_ids=05000US42029,3,7.8,0.54,County market,Derived from ACS population threshold; not an official rurality designation,"U.S. Centers for Medicare & Medicaid Services, Hospital General Information",https://data.cms.gov/provider-data/dataset/xubh-q36u,Derived: county boundary centroid + geocoded CMS hospital addresses,https://tigerweb.geo.census.gov/arcgis/rest/services/TIGERweb/State_County/MapServer/1/query | https://geocoding.geo.census.gov/geocoder/locations/address,"Derived: CMS hospital count / ACS population * 100,000",https://data.cms.gov/provider-data/dataset/xubh-q36u | https://api.census.gov/data/2024/acs/acs5,2026-08-22
42031,Clarion,41.19239,-79.420963,"U.S. Census Bureau, TIGERweb State/County boundaries",https://tigerweb.geo.census.gov/arcgis/rest/services/TIGERweb/State_County/MapServer/1/query,37179,20.6,13.11,6.07,ACS 2024 5-year,"U.S. Census Bureau, American Community Survey 2024 ACS 2024 5-year (via Census Reporter mirror)",https://api.census.gov/data/2024/acs/acs5,https://api.censusreporter.org/1.0/data/show/latest?table_ids=B01001%2CB17001%2CB27010&geo_ids=05000US42031,0,18.6,0.0,Rural,Derived from ACS population threshold; not an official rurality designation,"U.S. Centers for Medicare & Medicaid Services, Hospital General Information",https://data.cms.gov/provider-data/dataset/xubh-q36u,Derived: county boundary centroid + geocoded CMS hospital addresses,https://tigerweb.geo.census.gov/arcgis/rest/services/TIGERweb/State_County/MapServer/1/query | https://geocoding.geo.census.gov/geocoder/locations/address,"Derived: CMS hospital count / ACS population * 100,000",https://data.cms.gov/provider-data/dataset/xubh-q36u | https://api.census.gov/data/2024/acs/acs5,2026-08-22
42033,Clearfield,41.000008,-78.474252,"U.S. Census Bureau, TIGERweb State/County boundaries",https://tigerweb.geo.census.gov/arcgis/rest/services/TIGERweb/State_County/MapServer/1/query,78132,22.66,15.3,4.8,ACS 2024 1-year,"U.S. Census Bureau, American Community Survey 2024 ACS 2024 1-year (via Census Reporter mirror)",https://api.census.gov/data/2024/acs/acs1,https://api.censusreporter.org/1.0/data/show/latest?table_ids=B01001%2CB17001%2CB27010&geo_ids=05000US42033,1,17.5,1.28,Rural,Derived from ACS population threshold; not an official rurality designation,"U.S. Centers for Medicare & Medicaid Services, Hospital General Information",https://data.cms.gov/provider-data/dataset/xubh-q36u,Derived: county boundary centroid + geocoded CMS hospital addresses,https://tigerweb.geo.census.gov/arcgis/rest/services/TIGERweb/State_County/MapServer/1/query | https://geocoding.geo.census.gov/geocoder/locations/address,"Derived: CMS hospital count / ACS population * 100,000",https://data.cms.gov/provider-data/dataset/xubh-q36u | https://api.census.gov/data/2024/acs/acs5,2026-08-22
42035,Clinton,41.233984,-77.638553,"U.S. Census Bureau, TIGERweb State/County boundaries",https://tigerweb.geo.census.gov/arcgis/rest/services/TIGERweb/State_County/MapServer/1/query,37798,20.01,14.81,10.48,ACS 2024 5-year,"U.S. Census Bureau, American Community Survey 2024 ACS 2024 5-year (via Census Reporter mirror)",https://api.census.gov/data/2024/acs/acs5,https://api.censusreporter.org/1.0/data/show/latest?table_ids=B01001%2CB17001%2CB27010&geo_ids=05000US42035,0,43.0,0.0,Rural,Derived from ACS population threshold; not an official rurality designation,"U.S. Centers for Medicare & Medicaid Services, Hospital General Information",https://data.cms.gov/provider-data/dataset/xubh-q36u,Derived: county boundary centroid + geocoded CMS hospital addresses,https://tigerweb.geo.census.gov/arcgis/rest/services/TIGERweb/State_County/MapServer/1/query | https://geocoding.geo.census.gov/geocoder/locations/address,"Derived: CMS hospital count / ACS population * 100,000",https://data.cms.gov/provider-data/dataset/xubh-q36u | https://api.census.gov/data/2024/acs/acs5,2026-08-22
42037,Columbia,41.048557,-76.405137,"U.S. Census Bureau, TIGERweb State/County boundaries",https://tigerweb.geo.census.gov/arcgis/rest/services/TIGERweb/State_County/MapServer/1/query,66012,21.12,13.08,2.87,ACS 2024 1-year,"U.S. Census Bureau, American Community Survey 2024 ACS 2024 1-year (via Census Reporter mirror)",https://api.census.gov/data/2024/acs/acs1,https://api.censusreporter.org/1.0/data/show/latest?table_ids=B01001%2CB17001%2CB27010&geo_ids=05000US42037,1,3.7,1.51,Rural,Derived from ACS population threshold; not an official rurality designation,"U.S. Centers for Medicare & Medicaid Services, Hospital General Information",https://data.cms.gov/provider-data/dataset/xubh-q36u,Derived: county boundary centroid + geocoded CMS hospital addresses,https://tigerweb.geo.census.gov/arcgis/rest/services/TIGERweb/State_County/MapServer/1/query | https://geocoding.geo.census.gov/geocoder/locations/address,"Derived: CMS hospital count / ACS population * 100,000",https://data.cms.gov/provider-data/dataset/xubh-q36u | https://api.census.gov/data/2024/acs/acs5,2026-08-22
42039,Crawford,41.684707,-80.106221,"U.S. Census Bureau, TIGERweb State/County boundaries",https://tigerweb.geo.census.gov/arcgis/rest/services/TIGERweb/State_County/MapServer/1/query,82089,24.12,18.11,10.56,ACS 2024 1-year,"U.S. Census Bureau, American Community Survey 2024 ACS 2024 1-year (via Census Reporter mirror)",https://api.census.gov/data/2024/acs/acs1,https://api.censusreporter.org/1.0/data/show/latest?table_ids=B01001%2CB17001%2CB27010&geo_ids=05000US42039,1,3.6,1.22,Rural,Derived from ACS population threshold; not an official rurality designation,"U.S. Centers for Medicare & Medicaid Services, Hospital General Information",https://data.cms.gov/provider-data/dataset/xubh-q36u,Derived: county boundary centroid + geocoded CMS hospital addresses,https://tigerweb.geo.census.gov/arcgis/rest/services/TIGERweb/State_County/MapServer/1/query | https://geocoding.geo.census.gov/geocoder/locations/address,"Derived: CMS hospital count / ACS population * 100,000",https://data.cms.gov/provider-data/dataset/xubh-q36u | https://api.census.gov/data/2024/acs/acs5,2026-08-22
42041,Cumberland,40.163652,-77.265484,"U.S. Census Bureau, TIGERweb State/County boundaries",https://tigerweb.geo.census.gov/arcgis/rest/services/TIGERweb/State_County/MapServer/1/query,275516,19.64,7.65,6.37,ACS 2024 1-year,"U.S. Census Bureau, American Community Survey 2024 ACS 2024 1-year (via Census Reporter mirror)",https://api.census.gov/data/2024/acs/acs1,https://api.censusreporter.org/1.0/data/show/latest?table_ids=B01001%2CB17001%2CB27010&geo_ids=05000US42041,3,2.6,1.09,County market,Derived from ACS population threshold; not an official rurality designation,"U.S. Centers for Medicare & Medicaid Services, Hospital General Information",https://data.cms.gov/provider-data/dataset/xubh-q36u,Derived: county boundary centroid + geocoded CMS hospital addresses,https://tigerweb.geo.census.gov/arcgis/rest/services/TIGERweb/State_County/MapServer/1/query | https://geocoding.geo.census.gov/geocoder/locations/address,"Derived: CMS hospital count / ACS population * 100,000",https://data.cms.gov/provider-data/dataset/xubh-q36u | https://api.census.gov/data/2024/acs/acs5,2026-08-22
42043,Dauphin,40.415444,-76.779458,"U.S. Census Bureau, TIGERweb State/County boundaries",https://tigerweb.geo.census.gov/arcgis/rest/services/TIGERweb/State_County/MapServer/1/query,293029,18.45,13.66,7.38,ACS 2024 1-year,"U.S. Census Bureau, American Community Survey 2024 ACS 2024 1-year (via Census Reporter mirror)",https://api.census.gov/data/2024/acs/acs1,https://api.censusreporter.org/1.0/data/show/latest?table_ids=B01001%2CB17001%2CB27010&geo_ids=05000US42043,1,12.1,0.34,County market,Derived from ACS population threshold; not an official rurality designation,"U.S. Centers for Medicare & Medicaid Services, Hospital General Information",https://data.cms.gov/provider-data/dataset/xubh-q36u,Derived: county boundary centroid + geocoded CMS hospital addresses,https://tigerweb.geo.census.gov/arcgis/rest/services/TIGERweb/State_County/MapServer/1/query | https://geocoding.geo.census.gov/geocoder/locations/address,"Derived: CMS hospital count / ACS population * 100,000",https://data.cms.gov/provider-data/dataset/xubh-q36u | https://api.census.gov/data/2024/acs/acs5,2026-08-22
42045,Delaware,39.916809,-75.398902,"U.S. Census Bureau, TIGERweb State/County boundaries",https://tigerweb.geo.census.gov/arcgis/rest/services/TIGERweb/State_County/MapServer/1/query,584882,18.27,10.8,3.77,ACS 2024 1-year,"U.S. Census Bureau, American Community Survey 2024 ACS 2024 1-year (via Census Reporter mirror)",https://api.census.gov/data/2024/acs/acs1,https://api.censusreporter.org/1.0/data/show/latest?table_ids=B01001%2CB17001%2CB27010&geo_ids=05000US42045,3,1.7,0.51,County market,Derived from ACS population threshold; not an official rurality designation,"U.S. Centers for Medicare & Medicaid Services, Hospital General Information",https://data.cms.gov/provider-data/dataset/xubh-q36u,Derived: county boundary centroid + geocoded CMS hospital addresses,https://tigerweb.geo.census.gov/arcgis/rest/services/TIGERweb/State_County/MapServer/1/query | https://geocoding.geo.census.gov/geocoder/locations/address,"Derived: CMS hospital count / ACS population * 100,000",https://data.cms.gov/provider-data/dataset/xubh-q36u | https://api.census.gov/data/2024/acs/acs5,2026-08-22
42047,Elk,41.425095,-78.649021,"U.S. Census Bureau, TIGERweb State/County boundaries",https://tigerweb.geo.census.gov/arcgis/rest/services/TIGERweb/State_County/MapServer/1/query,30506,24.15,8.69,2.32,ACS 2024 5-year,"U.S. Census Bureau, American Community Survey 2024 ACS 2024 5-year (via Census Reporter mirror)",https://api.census.gov/data/2024/acs/acs5,https://api.censusreporter.org/1.0/data/show/latest?table_ids=B01001%2CB17001%2CB27010&geo_ids=05000US42047,0,22.5,0.0,Rural,Derived from ACS population threshold; not an official rurality designation,"U.S. Centers for Medicare & Medicaid Services, Hospital General Information",https://data.cms.gov/provider-data/dataset/xubh-q36u,Derived: county boundary centroid + geocoded CMS hospital addresses,https://tigerweb.geo.census.gov/arcgis/rest/services/TIGERweb/State_County/MapServer/1/query | https://geocoding.geo.census.gov/geocoder/locations/address,"Derived: CMS hospital count / ACS population * 100,000",https://data.cms.gov/provider-data/dataset/xubh-q36u | https://api.census.gov/data/2024/acs/acs5,2026-08-22
42049,Erie,42.117496,-80.098153,"U.S. Census Bureau, TIGERweb State/County boundaries",https://tigerweb.geo.census.gov/arcgis/rest/services/TIGERweb/State_County/MapServer/1/query,267750,20.92,14.93,5.1,ACS 2024 1-year,"U.S. Census Bureau, American Community Survey 2024 ACS 2024 1-year (via Census Reporter mirror)",https://api.census.gov/data/2024/acs/acs1,https://api.censusreporter.org/1.0/data/show/latest?table_ids=B01001%2CB17001%2CB27010&geo_ids=05000US42049,3,1.1,1.12,County market,Derived from ACS population threshold; not an official rurality designation,"U.S. Centers for Medicare & Medicaid Services, Hospital General Information",https://data.cms.gov/provider-data/dataset/xubh-q36u,Derived: county boundary centroid + geocoded CMS hospital addresses,https://tigerweb.geo.census.gov/arcgis/rest/services/TIGERweb/State_County/MapServer/1/query | https://geocoding.geo.census.gov/geocoder/locations/address,"Derived: CMS hospital count / ACS population * 100,000",https://data.cms.gov/provider-data/dataset/xubh-q36u | https://api.census.gov/data/2024/acs/acs5,2026-08-22
42051,Fayette,39.920117,-79.647426,"U.S. Census Bureau, TIGERweb State/County boundaries",https://tigerweb.geo.census.gov/arcgis/rest/services/TIGERweb/State_County/MapServer/1/query,123941,23.51,13.98,5.19,ACS 2024 1-year,"U.S. Census Bureau, American Community Survey 2024 ACS 2024 1-year (via Census Reporter mirror)",https://api.census.gov/data/2024/acs/acs1,https://api.censusreporter.org/1.0/data/show/latest?table_ids=B01001%2CB17001%2CB27010&geo_ids=05000US42051,1,7.8,0.81,County market,Derived from ACS population threshold; not an official rurality designation,"U.S. Centers for Medicare & Medicaid Services, Hospital General Information",https://data.cms.gov/provider-data/dataset/xubh-q36u,Derived: county boundary centroid + geocoded CMS hospital addresses,https://tigerweb.geo.census.gov/arcgis/rest/services/TIGERweb/State_County/MapServer/1/query | https://geocoding.geo.census.gov/geocoder/locations/address,"Derived: CMS hospital count / ACS population * 100,000",https://data.cms.gov/provider-data/dataset/xubh-q36u | https://api.census.gov/data/2024/acs/acs5,2026-08-22
42053,Forest,41.513071,-79.236016,"U.S. Census Bureau, TIGERweb State/County boundaries",https://tigerweb.geo.census.gov/arcgis/rest/services/TIGERweb/State_County/MapServer/1/query,6715,24.96,11.93,6.42,ACS 2024 5-year,"U.S. Census Bureau, American Community Survey 2024 ACS 2024 5-year (via Census Reporter mirror)",https://api.census.gov/data/2024/acs/acs5,https://api.censusreporter.org/1.0/data/show/latest?table_ids=B01001%2CB17001%2CB27010&geo_ids=05000US42053,0,23.2,0.0,Rural,Derived from ACS population threshold; not an official rurality designation,"U.S. Centers for Medicare & Medicaid Services, Hospital General Information",https://data.cms.gov/provider-data/dataset/xubh-q36u,Derived: county boundary centroid + geocoded CMS hospital addresses,https://tigerweb.geo.census.gov/arcgis/rest/services/TIGERweb/State_County/MapServer/1/query | https://geocoding.geo.census.gov/geocoder/locations/address,"Derived: CMS hospital count / ACS population * 100,000",https://data.cms.gov/provider-data/dataset/xubh-q36u | https://api.census.gov/data/2024/acs/acs5,2026-08-22
42055,Franklin,39.927418,-77.721251,"U.S. Census Bureau, TIGERweb State/County boundaries",https://tigerweb.geo.census.gov/arcgis/rest/services/TIGERweb/State_County/MapServer/1/query,159285,20.88,9.35,8.87,ACS 2024 1-year,"U.S. Census Bureau, American Community Survey 2024 ACS 2024 1-year (via Census Reporter mirror)",https://api.census.gov/data/2024/acs/acs1,https://api.censusreporter.org/1.0/data/show/latest?table_ids=B01001%2CB17001%2CB27010&geo_ids=05000US42055,2,3.9,1.26,County market,Derived from ACS population threshold; not an official rurality designation,"U.S. Centers for Medicare & Medicaid Services, Hospital General Information",https://data.cms.gov/provider-data/dataset/xubh-q36u,Derived: county boundary centroid + geocoded CMS hospital addresses,https://tigerweb.geo.census.gov/arcgis/rest/services/TIGERweb/State_County/MapServer/1/query | https://geocoding.geo.census.gov/geocoder/locations/address,"Derived: CMS hospital count / ACS population * 100,000",https://data.cms.gov/provider-data/dataset/xubh-q36u | https://api.census.gov/data/2024/acs/acs5,2026-08-22
42057,Fulton,39.925344,-78.112684,"U.S. Census Bureau, TIGERweb State/County boundaries",https://tigerweb.geo.census.gov/arcgis/rest/services/TIGERweb/State_County/MapServer/1/query,14531,22.81,11.18,5.06,ACS 2024 5-year,"U.S. Census Bureau, American Community Survey 2024 ACS 2024 5-year (via Census Reporter mirror)",https://api.census.gov/data/2024/acs/acs5,https://api.censusreporter.org/1.0/data/show/latest?table_ids=B01001%2CB17001%2CB27010&geo_ids=05000US42057,0,24.7,0.0,Rural,Derived from ACS population threshold; not an official rurality designation,"U.S. Centers for Medicare & Medicaid Services, Hospital General Information",https://data.cms.gov/provider-data/dataset/xubh-q36u,Derived: county boundary centroid + geocoded CMS hospital addresses,https://tigerweb.geo.census.gov/arcgis/rest/services/TIGERweb/State_County/MapServer/1/query | https://geocoding.geo.census.gov/geocoder/locations/address,"Derived: CMS hospital count / ACS population * 100,000",https://data.cms.gov/provider-data/dataset/xubh-q36u | https://api.census.gov/data/2024/acs/acs5,2026-08-22
42059,Greene,39.8538,-80.222874,"U.S. Census Bureau, TIGERweb State/County boundaries",https://tigerweb.geo.census.gov/arcgis/rest/services/TIGERweb/State_County/MapServer/1/query,34835,20.65,13.52,4.53,ACS 2024 5-year,"U.S. Census Bureau, American Community Survey 2024 ACS 2024 5-year (via Census Reporter mirror)",https://api.census.gov/data/2024/acs/acs5,https://api.censusreporter.org/1.0/data/show/latest?table_ids=B01001%2CB17001%2CB27010&geo_ids=05000US42059,1,4.2,2.87,Rural,Derived from ACS population threshold; not an official rurality designation,"U.S. Centers for Medicare & Medicaid Services, Hospital General Information",https://data.cms.gov/provider-data/dataset/xubh-q36u,Derived: county boundary centroid + geocoded CMS hospital addresses,https://tigerweb.geo.census.gov/arcgis/rest/services/TIGERweb/State_County/MapServer/1/query | https://geocoding.geo.census.gov/geocoder/locations/address,"Derived: CMS hospital count / ACS population * 100,000",https://data.cms.gov/provider-data/dataset/xubh-q36u | https://api.census.gov/data/2024/acs/acs5,2026-08-22
42061,Huntingdon,40.416914,-77.981226,"U.S. Census Bureau, TIGERweb State/County boundaries",https://tigerweb.geo.census.gov/arcgis/rest/services/TIGERweb/State_County/MapServer/1/query,43653,22.13,10.64,4.69,ACS 2024 5-year,"U.S. Census Bureau, American Community Survey 2024 ACS 2024 5-year (via Census Reporter mirror)",https://api.census.gov/data/2024/acs/acs5,https://api.censusreporter.org/1.0/data/show/latest?table_ids=B01001%2CB17001%2CB27010&geo_ids=05000US42061,1,5.6,2.29,Rural,Derived from ACS population threshold; not an official rurality designation,"U.S. Centers for Medicare & Medicaid Services, Hospital General Information",https://data.cms.gov/provider-data/dataset/xubh-q36u,Derived: county boundary centroid + geocoded CMS hospital addresses,https://tigerweb.geo.census.gov/arcgis/rest/services/TIGERweb/State_County/MapServer/1/query | https://geocoding.geo.census.gov/geocoder/locations/address,"Derived: CMS hospital count / ACS population * 100,000",https://data.cms.gov/provider-data/dataset/xubh-q36u | https://api.census.gov/data/2024/acs/acs5,2026-08-22
42063,Indiana,40.651956,-79.087568,"U.S. Census Bureau, TIGERweb State/County boundaries",https://tigerweb.geo.census.gov/arcgis/rest/services/TIGERweb/State_County/MapServer/1/query,82953,22.11,15.79,6.3,ACS 2024 1-year,"U.S. Census Bureau, American Community Survey 2024 ACS 2024 1-year (via Census Reporter mirror)",https://api.census.gov/data/2024/acs/acs1,https://api.censusreporter.org/1.0/data/show/latest?table_ids=B01001%2CB17001%2CB27010&geo_ids=05000US42063,1,4.8,1.21,Rural,Derived from ACS population threshold; not an official rurality designation,"U.S. Centers for Medicare & Medicaid Services, Hospital General Information",https://data.cms.gov/provider-data/dataset/xubh-q36u,Derived: county boundary centroid + geocoded CMS hospital addresses,https://tigerweb.geo.census.gov/arcgis/rest/services/TIGERweb/State_County/MapServer/1/query | https://geocoding.geo.census.gov/geocoder/locations/address,"Derived: CMS hospital count / ACS population * 100,000",https://data.cms.gov/provider-data/dataset/xubh-q36u | https://api.census.gov/data/2024/acs/acs5,2026-08-22
42065,Jefferson,41.128146,-78.999407,"U.S. Census Bureau, TIGERweb State/County boundaries",https://tigerweb.geo.census.gov/arcgis/rest/services/TIGERweb/State_County/MapServer/1/query,43864,22.24,14.15,8.54,ACS 2024 5-year,"U.S. Census Bureau, American Community Survey 2024 ACS 2024 5-year (via Census Reporter mirror)",https://api.census.gov/data/2024/acs/acs5,https://api.censusreporter.org/1.0/data/show/latest?table_ids=B01001%2CB17001%2CB27010&geo_ids=05000US42065,1,11.6,2.28,Rural,Derived from ACS population threshold; not an official rurality designation,"U.S. Centers for Medicare & Medicaid Services, Hospital General Information",https://data.cms.gov/provider-data/dataset/xubh-q36u,Derived: county boundary centroid + geocoded CMS hospital addresses,https://tigerweb.geo.census.gov/arcgis/rest/services/TIGERweb/State_County/MapServer/1/query | https://geocoding.geo.census.gov/geocoder/locations/address,"Derived: CMS hospital count / ACS population * 100,000",https://data.cms.gov/provider-data/dataset/xubh-q36u | https://api.census.gov/data/2024/acs/acs5,2026-08-22
42067,Juniata,40.531065,-77.402162,"U.S. Census Bureau, TIGERweb State/County boundaries",https://tigerweb.geo.census.gov/arcgis/rest/services/TIGERweb/State_County/MapServer/1/query,23379,21.2,9.7,13.77,ACS 2024 5-year,"U.S. Census Bureau, American Community Survey 2024 ACS 2024 5-year (via Census Reporter mirror)",https://api.census.gov/data/2024/acs/acs5,https://api.censusreporter.org/1.0/data/show/latest?table_ids=B01001%2CB17001%2CB27010&geo_ids=05000US42067,0,25.7,0.0,Rural,Derived from ACS population threshold; not an official rurality designation,"U.S. Centers for Medicare & Medicaid Services, Hospital General Information",https://data.cms.gov/provider-data/dataset/xubh-q36u,Derived: county boundary centroid + geocoded CMS hospital addresses,https://tigerweb.geo.census.gov/arcgis/rest/services/TIGERweb/State_County/MapServer/1/query | https://geocoding.geo.census.gov/geocoder/locations/address,"Derived: CMS hospital count / ACS population * 100,000",https://data.cms.gov/provider-data/dataset/xubh-q36u | https://api.census.gov/data/2024/acs/acs5,2026-08-22
42069,Lackawanna,41.436691,-75.609211,"U.S. Census Bureau, TIGERweb State/County boundaries",https://tigerweb.geo.census.gov/arcgis/rest/services/TIGERweb/State_County/MapServer/1/query,216859,21.17,15.8,6.59,ACS 2024 1-year,"U.S. Census Bureau, American Community Survey 2024 ACS 2024 1-year (via Census Reporter mirror)",https://api.census.gov/data/2024/acs/acs1,https://api.censusreporter.org/1.0/data/show/latest?table_ids=B01001%2CB17001%2CB27010&geo_ids=05000US42069,3,1.7,1.38,County market,Derived from ACS population threshold; not an official rurality designation,"U.S. Centers for Medicare & Medicaid Services, Hospital General Information",https://data.cms.gov/provider-data/dataset/xubh-q36u,Derived: county boundary centroid + geocoded CMS hospital addresses,https://tigerweb.geo.census.gov/arcgis/rest/services/TIGERweb/State_County/MapServer/1/query | https://geocoding.geo.census.gov/geocoder/locations/address,"Derived: CMS hospital count / ACS population * 100,000",https://data.cms.gov/provider-data/dataset/xubh-q36u | https://api.census.gov/data/2024/acs/acs5,2026-08-22
42071,Lancaster,40.04243,-76.247697,"U.S. Census Bureau, TIGERweb State/County boundaries",https://tigerweb.geo.census.gov/arcgis/rest/services/TIGERweb/State_County/MapServer/1/query,563293,20.5,7.31,10.8,ACS 2024 1-year,"U.S. Census Bureau, American Community Survey 2024 ACS 2024 1-year (via Census Reporter mirror)",https://api.census.gov/data/2024/acs/acs1,https://api.censusreporter.org/1.0/data/show/latest?table_ids=B01001%2CB17001%2CB27010&geo_ids=05000US42071,4,3.1,0.71,County market,Derived from ACS population threshold; not an official rurality designation,"U.S. Centers for Medicare & Medicaid Services, Hospital General Information",https://data.cms.gov/provider-data/dataset/xubh-q36u,Derived: county boundary centroid + geocoded CMS hospital addresses,https://tigerweb.geo.census.gov/arcgis/rest/services/TIGERweb/State_County/MapServer/1/query | https://geocoding.geo.census.gov/geocoder/locations/address,"Derived: CMS hospital count / ACS population * 100,000",https://data.cms.gov/provider-data/dataset/xubh-q36u | https://api.census.gov/data/2024/acs/acs5,2026-08-22
42073,Lawrence,40.991214,-80.334707,"U.S. Census Bureau, TIGERweb State/County boundaries",https://tigerweb.geo.census.gov/arcgis/rest/services/TIGERweb/State_County/MapServer/1/query,84233,24.43,14.96,3.75,ACS 2024 1-year,"U.S. Census Bureau, American Community Survey 2024 ACS 2024 1-year (via Census Reporter mirror)",https://api.census.gov/data/2024/acs/acs1,https://api.censusreporter.org/1.0/data/show/latest?table_ids=B01001%2CB17001%2CB27010&geo_ids=05000US42073,1,1.7,1.19,Rural,Derived from ACS population threshold; not an official rurality designation,"U.S. Centers for Medicare & Medicaid Services, Hospital General Information",https://data.cms.gov/provider-data/dataset/xubh-q36u,Derived: county boundary centroid + geocoded CMS hospital addresses,https://tigerweb.geo.census.gov/arcgis/rest/services/TIGERweb/State_County/MapServer/1/query | https://geocoding.geo.census.gov/geocoder/locations/address,"Derived: CMS hospital count / ACS population * 100,000",https://data.cms.gov/provider-data/dataset/xubh-q36u | https://api.census.gov/data/2024/acs/acs5,2026-08-22
42075,Lebanon,40.367231,-76.457713,"U.S. Census Bureau, TIGERweb State/County boundaries",https://tigerweb.geo.census.gov/arcgis/rest/services/TIGERweb/State_County/MapServer/1/query,145319,21.4,9.63,9.67,ACS 2024 1-year,"U.S. Census Bureau, American Community Survey 2024 ACS 2024 1-year (via Census Reporter mirror)",https://api.census.gov/data/2024/acs/acs1,https://api.censusreporter.org/1.0/data/show/latest?table_ids=B01001%2CB17001%2CB27010&geo_ids=05000US42075,1,3.0,0.69,County market,Derived from ACS population threshold; not an official rurality designation,"U.S. Centers for Medicare & Medicaid Services, Hospital General Information",https://data.cms.gov/provider-data/dataset/xubh-q36u,Derived: county boundary centroid + geocoded CMS hospital addresses,https://tigerweb.geo.census.gov/arcgis/rest/services/TIGERweb/State_County/MapServer/1/query | https://geocoding.geo.census.gov/geocoder/locations/address,"Derived: CMS hospital count / ACS population * 100,000",https://data.cms.gov/provider-data/dataset/xubh-q36u | https://api.census.gov/data/2024/acs/acs5,2026-08-22
42077,Lehigh,40.612705,-75.592372,"U.S. Census Bureau, TIGERweb State/County boundaries",https://tigerweb.geo.census.gov/arcgis/rest/services/TIGERweb/State_County/MapServer/1/query,385655,18.4,11.34,7.65,ACS 2024 1-year,"U.S. Census Bureau, American Community Survey 2024 ACS 2024 1-year (via Census Reporter mirror)",https://api.census.gov/data/2024/acs/acs1,https://api.censusreporter.org/1.0/data/show/latest?table_ids=B01001%2CB17001%2CB27010&geo_ids=05000US42077,2,5.0,0.52,County market,Derived from ACS population threshold; not an official rurality designation,"U.S. Centers for Medicare & Medicaid Services, Hospital General Information",https://data.cms.gov/provider-data/dataset/xubh-q36u,Derived: county boundary centroid + geocoded CMS hospital addresses,https://tigerweb.geo.census.gov/arcgis/rest/services/TIGERweb/State_County/MapServer/1/query | https://geocoding.geo.census.gov/geocoder/locations/address,"Derived: CMS hospital count / ACS population * 100,000",https://data.cms.gov/provider-data/dataset/xubh-q36u | https://api.census.gov/data/2024/acs/acs5,2026-08-22
42079,Luzerne,41.177012,-75.989176,"U.S. Census Bureau, TIGERweb State/County boundaries",https://tigerweb.geo.census.gov/arcgis/rest/services/TIGERweb/State_County/MapServer/1/query,331379,20.57,13.41,7.32,ACS 2024 1-year,"U.S. Census Bureau, American Community Survey 2024 ACS 2024 1-year (via Census Reporter mirror)",https://api.census.gov/data/2024/acs/acs1,https://api.censusreporter.org/1.0/data/show/latest?table_ids=B01001%2CB17001%2CB27010&geo_ids=05000US42079,3,8.4,0.91,County market,Derived from ACS population threshold; not an official rurality designation,"U.S. Centers for Medicare & Medicaid Services, Hospital General Information",https://data.cms.gov/provider-data/dataset/xubh-q36u,Derived: county boundary centroid + geocoded CMS hospital addresses,https://tigerweb.geo.census.gov/arcgis/rest/services/TIGERweb/State_County/MapServer/1/query | https://geocoding.geo.census.gov/geocoder/locations/address,"Derived: CMS hospital count / ACS population * 100,000",https://data.cms.gov/provider-data/dataset/xubh-q36u | https://api.census.gov/data/2024/acs/acs5,2026-08-22
42081,Lycoming,41.343366,-77.064485,"U.S. Census Bureau, TIGERweb State/County boundaries",https://tigerweb.geo.census.gov/arcgis/rest/services/TIGERweb/State_County/MapServer/1/query,113236,21.63,16.34,4.51,ACS 2024 1-year,"U.S. Census Bureau, American Community Survey 2024 ACS 2024 1-year (via Census Reporter mirror)",https://api.census.gov/data/2024/acs/acs1,https://api.censusreporter.org/1.0/data/show/latest?table_ids=B01001%2CB17001%2CB27010&geo_ids=05000US42081,0,26.8,0.0,County market,Derived from ACS population threshold; not an official rurality designation,"U.S. Centers for Medicare & Medicaid Services, Hospital General Information",https://data.cms.gov/provider-data/dataset/xubh-q36u,Derived: county boundary centroid + geocoded CMS hospital addresses,https://tigerweb.geo.census.gov/arcgis/rest/services/TIGERweb/State_County/MapServer/1/query | https://geocoding.geo.census.gov/geocoder/locations/address,"Derived: CMS hospital count / ACS population * 100,000",https://data.cms.gov/provider-data/dataset/xubh-q36u | https://api.census.gov/data/2024/acs/acs5,2026-08-22
42083,McKean,41.807686,-78.569051,"U.S. Census Bureau, TIGERweb State/County boundaries",https://tigerweb.geo.census.gov/arcgis/rest/services/TIGERweb/State_County/MapServer/1/query,39904,21.03,13.7,4.66,ACS 2024 5-year,"U.S. Census Bureau, American Community Survey 2024 ACS 2024 5-year (via Census Reporter mirror)",https://api.census.gov/data/2024/acs/acs5,https://api.censusreporter.org/1.0/data/show/latest?table_ids=B01001%2CB17001%2CB27010&geo_ids=05000US42083,0,30.4,0.0,Rural,Derived from ACS population threshold; not an official rurality designation,"U.S. Centers for Medicare & Medicaid Services, Hospital General Information",https://data.cms.gov/provider-data/dataset/xubh-q36u,Derived: county boundary centroid + geocoded CMS hospital addresses,https://tigerweb.geo.census.gov/arcgis/rest/services/TIGERweb/State_County/MapServer/1/query | https://geocoding.geo.census.gov/geocoder/locations/address,"Derived: CMS hospital count / ACS population * 100,000",https://data.cms.gov/provider-data/dataset/xubh-q36u | https://api.census.gov/data/2024/acs/acs5,2026-08-22
42085,Mercer,41.302195,-80.257706,"U.S. Census Bureau, TIGERweb State/County boundaries",https://tigerweb.geo.census.gov/arcgis/rest/services/TIGERweb/State_County/MapServer/1/query,108140,24.17,12.95,6.98,ACS 2024 1-year,"U.S. Census Bureau, American Community Survey 2024 ACS 2024 1-year (via Census Reporter mirror)",https://api.census.gov/data/2024/acs/acs1,https://api.censusreporter.org/1.0/data/show/latest?table_ids=B01001%2CB17001%2CB27010&geo_ids=05000US42085,3,8.6,2.77,County market,Derived from ACS population threshold; not an official rurality designation,"U.S. Centers for Medicare & Medicaid Services, Hospital General Information",https://data.cms.gov/provider-data/dataset/xubh-q36u,Derived: county boundary centroid + geocoded CMS hospital addresses,https://tigerweb.geo.census.gov/arcgis/rest/services/TIGERweb/State_County/MapServer/1/query | https://geocoding.geo.census.gov/geocoder/locations/address,"Derived: CMS hospital count / ACS population * 100,000",https://data.cms.gov/provider-data/dataset/xubh-q36u | https://api.census.gov/data/2024/acs/acs5,2026-08-22
42087,Mifflin,40.610415,-77.61703,"U.S. Census Bureau, TIGERweb State/County boundaries",https://tigerweb.geo.census.gov/arcgis/rest/services/TIGERweb/State_County/MapServer/1/query,46041,22.0,16.23,12.81,ACS 2024 5-year,"U.S. Census Bureau, American Community Survey 2024 ACS 2024 5-year (via Census Reporter mirror)",https://api.census.gov/data/2024/acs/acs5,https://api.censusreporter.org/1.0/data/show/latest?table_ids=B01001%2CB17001%2CB27010&geo_ids=05000US42087,0,22.3,0.0,Rural,Derived from ACS population threshold; not an official rurality designation,"U.S. Centers for Medicare & Medicaid Services, Hospital General Information",https://data.cms.gov/provider-data/dataset/xubh-q36u,Derived: county boundary centroid + geocoded CMS hospital addresses,https://tigerweb.geo.census.gov/arcgis/rest/services/TIGERweb/State_County/MapServer/1/query | https://geocoding.geo.census.gov/geocoder/locations/address,"Derived: CMS hospital count / ACS population * 100,000",https://data.cms.gov/provider-data/dataset/xubh-q36u | https://api.census.gov/data/2024/acs/acs5,2026-08-22
42089,Monroe,41.058069,-75.339526,"U.S. Census Bureau, TIGERweb State/County boundaries",https://tigerweb.geo.census.gov/arcgis/rest/services/TIGERweb/State_County/MapServer/1/query,166523,20.88,10.53,7.01,ACS 2024 1-year,"U.S. Census Bureau, American Community Survey 2024 ACS 2024 1-year (via Census Reporter mirror)",https://api.census.gov/data/2024/acs/acs1,https://api.censusreporter.org/1.0/data/show/latest?table_ids=B01001%2CB17001%2CB27010&geo_ids=05000US42089,2,5.9,1.2,County market,Derived from ACS population threshold; not an official rurality designation,"U.S. Centers for Medicare & Medicaid Services, Hospital General Information",https://data.cms.gov/provider-data/dataset/xubh-q36u,Derived: county boundary centroid + geocoded CMS hospital addresses,https://tigerweb.geo.census.gov/arcgis/rest/services/TIGERweb/State_County/MapServer/1/query | https://geocoding.geo.census.gov/geocoder/locations/address,"Derived: CMS hospital count / ACS population * 100,000",https://data.cms.gov/provider-data/dataset/xubh-q36u | https://api.census.gov/data/2024/acs/acs5,2026-08-22
42091,Montgomery,40.210816,-75.367289,"U.S. Census Bureau, TIGERweb State/County boundaries",https://tigerweb.geo.census.gov/arcgis/rest/services/TIGERweb/State_County/MapServer/1/query,879190,19.8,6.14,2.96,ACS 2024 1-year,"U.S. Census Bureau, American Community Survey 2024 ACS 2024 1-year (via Census Reporter mirror)",https://api.census.gov/data/2024/acs/acs1,https://api.censusreporter.org/1.0/data/show/latest?table_ids=B01001%2CB17001%2CB27010&geo_ids=05000US42091,10,3.8,1.14,County market,Derived from ACS population threshold; not an official rurality designation,"U.S. Centers for Medicare & Medicaid Services, Hospital General Information",https://data.cms.gov/provider-data/dataset/xubh-q36u,Derived: county boundary centroid + geocoded CMS hospital addresses,https://tigerweb.geo.census.gov/arcgis/rest/services/TIGERweb/State_County/MapServer/1/query | https://geocoding.geo.census.gov/geocoder/locations/address,"Derived: CMS hospital count / ACS population * 100,000",https://data.cms.gov/provider-data/dataset/xubh-q36u | https://api.census.gov/data/2024/acs/acs5,2026-08-22
42093,Montour,41.027922,-76.658563,"U.S. Census Bureau, TIGERweb State/County boundaries",https://tigerweb.geo.census.gov/arcgis/rest/services/TIGERweb/State_County/MapServer/1/query,18103,21.77,8.84,3.71,ACS 2024 5-year,"U.S. Census Bureau, American Community Survey 2024 ACS 2024 5-year (via Census Reporter mirror)",https://api.census.gov/data/2024/acs/acs5,https://api.censusreporter.org/1.0/data/show/latest?table_ids=B01001%2CB17001%2CB27010&geo_ids=05000US42093,1,5.1,5.52,Rural,Derived from ACS population threshold; not an official rurality designation,"U.S. Centers for Medicare & Medicaid Services, Hospital General Information",https://data.cms.gov/provider-data/dataset/xubh-q36u,Derived: county boundary centroid + geocoded CMS hospital addresses,https://tigerweb.geo.census.gov/arcgis/rest/services/TIGERweb/State_County/MapServer/1/query | https://geocoding.geo.census.gov/geocoder/locations/address,"Derived: CMS hospital count / ACS population * 100,000",https://data.cms.gov/provider-data/dataset/xubh-q36u | https://api.census.gov/data/2024/acs/acs5,2026-08-22
42095,Northampton,40.754167,-75.307587,"U.S. Census Bureau, TIGERweb State/County boundaries",https://tigerweb.geo.census.gov/arcgis/rest/services/TIGERweb/State_County/MapServer/1/query,322989,21.19,8.35,3.7,ACS 2024 1-year,"U.S. Census Bureau, American Community Survey 2024 ACS 2024 1-year (via Census Reporter mirror)",https://api.census.gov/data/2024/acs/acs1,https://api.censusreporter.org/1.0/data/show/latest?table_ids=B01001%2CB17001%2CB27010&geo_ids=05000US42095,2,5.8,0.62,County market,Derived from ACS population threshold; not an official rurality designation,"U.S. Centers for Medicare & Medicaid Services, Hospital General Information",https://data.cms.gov/provider-data/dataset/xubh-q36u,Derived: county boundary centroid + geocoded CMS hospital addresses,https://tigerweb.geo.census.gov/arcgis/rest/services/TIGERweb/State_County/MapServer/1/query | https://geocoding.geo.census.gov/geocoder/locations/address,"Derived: CMS hospital count / ACS population * 100,000",https://data.cms.gov/provider-data/dataset/xubh-q36u | https://api.census.gov/data/2024/acs/acs5,2026-08-22
42097,Northumberland,40.851934,-76.709452,"U.S. Census Bureau, TIGERweb State/County boundaries",https://tigerweb.geo.census.gov/arcgis/rest/services/TIGERweb/State_County/MapServer/1/query,90027,23.19,14.69,7.52,ACS 2024 1-year,"U.S. Census Bureau, American Community Survey 2024 ACS 2024 1-year (via Census Reporter mirror)",https://api.census.gov/data/2024/acs/acs1,https://api.censusreporter.org/1.0/data/show/latest?table_ids=B01001%2CB17001%2CB27010&geo_ids=05000US42097,0,9.8,0.0,Rural,Derived from ACS population threshold; not an official rurality designation,"U.S. Centers for Medicare & Medicaid Services, Hospital General Information",https://data.cms.gov/provider-data/dataset/xubh-q36u,Derived: county boundary centroid + geocoded CMS hospital addresses,https://tigerweb.geo.census.gov/arcgis/rest/services/TIGERweb/State_County/MapServer/1/query | https://geocoding.geo.census.gov/geocoder/locations/address,"Derived: CMS hospital count / ACS population * 100,000",https://data.cms.gov/provider-data/dataset/xubh-q36u | https://api.census.gov/data/2024/acs/acs5,2026-08-22
42099,Perry,40.39841,-77.262295,"U.S. Census Bureau, TIGERweb State/County boundaries",https://tigerweb.geo.census.gov/arcgis/rest/services/TIGERweb/State_County/MapServer/1/query,46239,20.49,7.99,10.25,ACS 2024 5-year,"U.S. Census Bureau, American Community Survey 2024 ACS 2024 5-year (via Census Reporter mirror)",https://api.census.gov/data/2024/acs/acs5,https://api.censusreporter.org/1.0/data/show/latest?table_ids=B01001%2CB17001%2CB27010&geo_ids=05000US42099,0,14.9,0.0,Rural,Derived from ACS population threshold; not an official rurality designation,"U.S. Centers for Medicare & Medicaid Services, Hospital General Information",https://data.cms.gov/provider-data/dataset/xubh-q36u,Derived: county boundary centroid + geocoded CMS hospital addresses,https://tigerweb.geo.census.gov/arcgis/rest/services/TIGERweb/State_County/MapServer/1/query | https://geocoding.geo.census.gov/geocoder/locations/address,"Derived: CMS hospital count / ACS population * 100,000",https://data.cms.gov/provider-data/dataset/xubh-q36u | https://api.census.gov/data/2024/acs/acs5,2026-08-22
42101,Philadelphia,40.007567,-75.134191,"U.S. Census Bureau, TIGERweb State/County boundaries",https://tigerweb.geo.census.gov/arcgis/rest/services/TIGERweb/State_County/MapServer/1/query,1573916,15.39,19.71,7.49,ACS 2024 1-year,"U.S. Census Bureau, American Community Survey 2024 ACS 2024 1-year (via Census Reporter mirror)",https://api.census.gov/data/2024/acs/acs1,https://api.censusreporter.org/1.0/data/show/latest?table_ids=B01001%2CB17001%2CB27010&geo_ids=05000US42101,10,1.0,0.64,County market,Derived from ACS population threshold; not an official rurality designation,"U.S. Centers for Medicare & Medicaid Services, Hospital General Information",https://data.cms.gov/provider-data/dataset/xubh-q36u,Derived: county boundary centroid + geocoded CMS hospital addresses,https://tigerweb.geo.census.gov/arcgis/rest/services/TIGERweb/State_County/MapServer/1/query | https://geocoding.geo.census.gov/geocoder/locations/address,"Derived: CMS hospital count / ACS population * 100,000",https://data.cms.gov/provider-data/dataset/xubh-q36u | https://api.census.gov/data/2024/acs/acs5,2026-08-22
42103,Pike,41.332028,-75.033834,"U.S. Census Bureau, TIGERweb State/County boundaries",https://tigerweb.geo.census.gov/arcgis/rest/services/TIGERweb/State_County/MapServer/1/query,60621,24.3,9.81,5.84,ACS 2024 5-year,"U.S. Census Bureau, American Community Survey 2024 ACS 2024 5-year (via Census Reporter mirror)",https://api.census.gov/data/2024/acs/acs5,https://api.censusreporter.org/1.0/data/show/latest?table_ids=B01001%2CB17001%2CB27010&geo_ids=05000US42103,0,20.5,0.0,Rural,Derived from ACS population threshold; not an official rurality designation,"U.S. Centers for Medicare & Medicaid Services, Hospital General Information",https://data.cms.gov/provider-data/dataset/xubh-q36u,Derived: county boundary centroid + geocoded CMS hospital addresses,https://tigerweb.geo.census.gov/arcgis/rest/services/TIGERweb/State_County/MapServer/1/query | https://geocoding.geo.census.gov/geocoder/locations/address,"Derived: CMS hospital count / ACS population * 100,000",https://data.cms.gov/provider-data/dataset/xubh-q36u | https://api.census.gov/data/2024/acs/acs5,2026-08-22
42105,Potter,41.744892,-77.895821,"U.S. Census Bureau, TIGERweb State/County boundaries",https://tigerweb.geo.census.gov/arcgis/rest/services/TIGERweb/State_County/MapServer/1/query,16188,25.92,13.01,6.65,ACS 2024 5-year,"U.S. Census Bureau, American Community Survey 2024 ACS 2024 5-year (via Census Reporter mirror)",https://api.census.gov/data/2024/acs/acs5,https://api.censusreporter.org/1.0/data/show/latest?table_ids=B01001%2CB17001%2CB27010&geo_ids=05000US42105,0,63.0,0.0,Rural,Derived from ACS population threshold; not an official rurality designation,"U.S. Centers for Medicare & Medicaid Services, Hospital General Information",https://data.cms.gov/provider-data/dataset/xubh-q36u,Derived: county boundary centroid + geocoded CMS hospital addresses,https://tigerweb.geo.census.gov/arcgis/rest/services/TIGERweb/State_County/MapServer/1/query | https://geocoding.geo.census.gov/geocoder/locations/address,"Derived: CMS hospital count / ACS population * 100,000",https://data.cms.gov/provider-data/dataset/xubh-q36u | https://api.census.gov/data/2024/acs/acs5,2026-08-22
42107,Schuylkill,40.705787,-76.215942,"U.S. Census Bureau, TIGERweb State/County boundaries",https://tigerweb.geo.census.gov/arcgis/rest/services/TIGERweb/State_County/MapServer/1/query,144523,21.46,12.29,7.0,ACS 2024 1-year,"U.S. Census Bureau, American Community Survey 2024 ACS 2024 1-year (via Census Reporter mirror)",https://api.census.gov/data/2024/acs/acs1,https://api.censusreporter.org/1.0/data/show/latest?table_ids=B01001%2CB17001%2CB27010&geo_ids=05000US42107,1,2.1,0.69,County market,Derived from ACS population threshold; not an official rurality designation,"U.S. Centers for Medicare & Medicaid Services, Hospital General Information",https://data.cms.gov/provider-data/dataset/xubh-q36u,Derived: county boundary centroid + geocoded CMS hospital addresses,https://tigerweb.geo.census.gov/arcgis/rest/services/TIGERweb/State_County/MapServer/1/query | https://geocoding.geo.census.gov/geocoder/locations/address,"Derived: CMS hospital count / ACS population * 100,000",https://data.cms.gov/provider-data/dataset/xubh-q36u | https://api.census.gov/data/2024/acs/acs5,2026-08-22
42109,Snyder,40.769832,-77.070171,"U.S. Census Bureau, TIGERweb State/County boundaries",https://tigerweb.geo.census.gov/arcgis/rest/services/TIGERweb/State_County/MapServer/1/query,39668,20.57,9.44,12.2,ACS 2024 5-year,"U.S. Census Bureau, American Community Survey 2024 ACS 2024 5-year (via Census Reporter mirror)",https://api.census.gov/data/2024/acs/acs5,https://api.censusreporter.org/1.0/data/show/latest?table_ids=B01001%2CB17001%2CB27010&geo_ids=05000US42109,0,17.4,0.0,Rural,Derived from ACS population threshold; not an official rurality designation,"U.S. Centers for Medicare & Medicaid Services, Hospital General Information",https://data.cms.gov/provider-data/dataset/xubh-q36u,Derived: county boundary centroid + geocoded CMS hospital addresses,https://tigerweb.geo.census.gov/arcgis/rest/services/TIGERweb/State_County/MapServer/1/query | https://geocoding.geo.census.gov/geocoder/locations/address,"Derived: CMS hospital count / ACS population * 100,000",https://data.cms.gov/provider-data/dataset/xubh-q36u | https://api.census.gov/data/2024/acs/acs5,2026-08-22
42111,Somerset,39.972499,-79.028341,"U.S. Census Bureau, TIGERweb State/County boundaries",https://tigerweb.geo.census.gov/arcgis/rest/services/TIGERweb/State_County/MapServer/1/query,72134,24.96,11.54,7.72,ACS 2024 1-year,"U.S. Census Bureau, American Community Survey 2024 ACS 2024 1-year (via Census Reporter mirror)",https://api.census.gov/data/2024/acs/acs1,https://api.censusreporter.org/1.0/data/show/latest?table_ids=B01001%2CB17001%2CB27010&geo_ids=05000US42111,1,3.6,1.39,Rural,Derived from ACS population threshold; not an official rurality designation,"U.S. Centers for Medicare & Medicaid Services, Hospital General Information",https://data.cms.gov/provider-data/dataset/xubh-q36u,Derived: county boundary centroid + geocoded CMS hospital addresses,https://tigerweb.geo.census.gov/arcgis/rest/services/TIGERweb/State_County/MapServer/1/query | https://geocoding.geo.census.gov/geocoder/locations/address,"Derived: CMS hospital count / ACS population * 100,000",https://data.cms.gov/provider-data/dataset/xubh-q36u | https://api.census.gov/data/2024/acs/acs5,2026-08-22
42113,Sullivan,41.446159,-76.512141,"U.S. Census Bureau, TIGERweb State/County boundaries",https://tigerweb.geo.census.gov/arcgis/rest/services/TIGERweb/State_County/MapServer/1/query,5888,31.45,11.58,4.06,ACS 2024 5-year,"U.S. Census Bureau, American Community Survey 2024 ACS 2024 5-year (via Census Reporter mirror)",https://api.census.gov/data/2024/acs/acs5,https://api.censusreporter.org/1.0/data/show/latest?table_ids=B01001%2CB17001%2CB27010&geo_ids=05000US42113,0,30.4,0.0,Rural,Derived from ACS population threshold; not an official rurality designation,"U.S. Centers for Medicare & Medicaid Services, Hospital General Information",https://data.cms.gov/provider-data/dataset/xubh-q36u,Derived: county boundary centroid + geocoded CMS hospital addresses,https://tigerweb.geo.census.gov/arcgis/rest/services/TIGERweb/State_County/MapServer/1/query | https://geocoding.geo.census.gov/geocoder/locations/address,"Derived: CMS hospital count / ACS population * 100,000",https://data.cms.gov/provider-data/dataset/xubh-q36u | https://api.census.gov/data/2024/acs/acs5,2026-08-22
42115,Susquehanna,41.821326,-75.800686,"U.S. Census Bureau, TIGERweb State/County boundaries",https://tigerweb.geo.census.gov/arcgis/rest/services/TIGERweb/State_County/MapServer/1/query,38219,25.18,11.41,6.19,ACS 2024 5-year,"U.S. Census Bureau, American Community Survey 2024 ACS 2024 5-year (via Census Reporter mirror)",https://api.census.gov/data/2024/acs/acs5,https://api.censusreporter.org/1.0/data/show/latest?table_ids=B01001%2CB17001%2CB27010&geo_ids=05000US42115,0,26.8,0.0,Rural,Derived from ACS population threshold; not an official rurality designation,"U.S. Centers for Medicare & Medicaid Services, Hospital General Information",https://data.cms.gov/provider-data/dataset/xubh-q36u,Derived: county boundary centroid + geocoded CMS hospital addresses,https://tigerweb.geo.census.gov/arcgis/rest/services/TIGERweb/State_County/MapServer/1/query | https://geocoding.geo.census.gov/geocoder/locations/address,"Derived: CMS hospital count / ACS population * 100,000",https://data.cms.gov/provider-data/dataset/xubh-q36u | https://api.census.gov/data/2024/acs/acs5,2026-08-22
42117,Tioga,41.772182,-77.254255,"U.S. Census Bureau, TIGERweb State/County boundaries",https://tigerweb.geo.census.gov/arcgis/rest/services/TIGERweb/State_County/MapServer/1/query,40945,23.48,11.72,5.99,ACS 2024 5-year,"U.S. Census Bureau, American Community Survey 2024 ACS 2024 5-year (via Census Reporter mirror)",https://api.census.gov/data/2024/acs/acs5,https://api.censusreporter.org/1.0/data/show/latest?table_ids=B01001%2CB17001%2CB27010&geo_ids=05000US42117,0,58.0,0.0,Rural,Derived from ACS population threshold; not an official rurality designation,"U.S. Centers for Medicare & Medicaid Services, Hospital General Information",https://data.cms.gov/provider-data/dataset/xubh-q36u,Derived: county boundary centroid + geocoded CMS hospital addresses,https://tigerweb.geo.census.gov/arcgis/rest/services/TIGERweb/State_County/MapServer/1/query | https://geocoding.geo.census.gov/geocoder/locations/address,"Derived: CMS hospital count / ACS population * 100,000",https://data.cms.gov/provider-data/dataset/xubh-q36u | https://api.census.gov/data/2024/acs/acs5,2026-08-22
42119,Union,40.962967,-77.062276,"U.S. Census Bureau, TIGERweb State/County boundaries",https://tigerweb.geo.census.gov/arcgis/rest/services/TIGERweb/State_County/MapServer/1/query,42456,19.88,8.96,10.38,ACS 2024 5-year,"U.S. Census Bureau, American Community Survey 2024 ACS 2024 5-year (via Census Reporter mirror)",https://api.census.gov/data/2024/acs/acs5,https://api.censusreporter.org/1.0/data/show/latest?table_ids=B01001%2CB17001%2CB27010&geo_ids=05000US42119,1,9.3,2.36,Rural,Derived from ACS population threshold; not an official rurality designation,"U.S. Centers for Medicare & Medicaid Services, Hospital General Information",https://data.cms.gov/provider-data/dataset/xubh-q36u,Derived: county boundary centroid + geocoded CMS hospital addresses,https://tigerweb.geo.census.gov/arcgis/rest/services/TIGERweb/State_County/MapServer/1/query | https://geocoding.geo.census.gov/geocoder/locations/address,"Derived: CMS hospital count / ACS population * 100,000",https://data.cms.gov/provider-data/dataset/xubh-q36u | https://api.census.gov/data/2024/acs/acs5,2026-08-22
42121,Venango,41.400966,-79.757954,"U.S. Census Bureau, TIGERweb State/County boundaries",https://tigerweb.geo.census.gov/arcgis/rest/services/TIGERweb/State_County/MapServer/1/query,49801,24.79,13.15,4.43,ACS 2024 5-year,"U.S. Census Bureau, American Community Survey 2024 ACS 2024 5-year (via Census Reporter mirror)",https://api.census.gov/data/2024/acs/acs5,https://api.censusreporter.org/1.0/data/show/latest?table_ids=B01001%2CB17001%2CB27010&geo_ids=05000US42121,1,4.0,2.01,Rural,Derived from ACS population threshold; not an official rurality designation,"U.S. Centers for Medicare & Medicaid Services, Hospital General Information",https://data.cms.gov/provider-data/dataset/xubh-q36u,Derived: county boundary centroid + geocoded CMS hospital addresses,https://tigerweb.geo.census.gov/arcgis/rest/services/TIGERweb/State_County/MapServer/1/query | https://geocoding.geo.census.gov/geocoder/locations/address,"Derived: CMS hospital count / ACS population * 100,000",https://data.cms.gov/provider-data/dataset/xubh-q36u | https://api.census.gov/data/2024/acs/acs5,2026-08-22
42123,Warren,41.814601,-79.274091,"U.S. Census Bureau, TIGERweb State/County boundaries",https://tigerweb.geo.census.gov/arcgis/rest/services/TIGERweb/State_County/MapServer/1/query,37920,24.75,10.81,4.08,ACS 2024 5-year,"U.S. Census Bureau, American Community Survey 2024 ACS 2024 5-year (via Census Reporter mirror)",https://api.census.gov/data/2024/acs/acs5,https://api.censusreporter.org/1.0/data/show/latest?table_ids=B01001%2CB17001%2CB27010&geo_ids=05000US42123,1,6.4,2.64,Rural,Derived from ACS population threshold; not an official rurality designation,"U.S. Centers for Medicare & Medicaid Services, Hospital General Information",https://data.cms.gov/provider-data/dataset/xubh-q36u,Derived: county boundary centroid + geocoded CMS hospital addresses,https://tigerweb.geo.census.gov/arcgis/rest/services/TIGERweb/State_County/MapServer/1/query | https://geocoding.geo.census.gov/geocoder/locations/address,"Derived: CMS hospital count / ACS population * 100,000",https://data.cms.gov/provider-data/dataset/xubh-q36u | https://api.census.gov/data/2024/acs/acs5,2026-08-22
42125,Washington,40.189426,-80.248318,"U.S. Census Bureau, TIGERweb State/County boundaries",https://tigerweb.geo.census.gov/arcgis/rest/services/TIGERweb/State_County/MapServer/1/query,210434,23.09,10.24,4.36,ACS 2024 1-year,"U.S. Census Bureau, American Community Survey 2024 ACS 2024 1-year (via Census Reporter mirror)",https://api.census.gov/data/2024/acs/acs1,https://api.censusreporter.org/1.0/data/show/latest?table_ids=B01001%2CB17001%2CB27010&geo_ids=05000US42125,4,0.5,1.9,County market,Derived from ACS population threshold; not an official rurality designation,"U.S. Centers for Medicare & Medicaid Services, Hospital General Information",https://data.cms.gov/provider-data/dataset/xubh-q36u,Derived: county boundary centroid + geocoded CMS hospital addresses,https://tigerweb.geo.census.gov/arcgis/rest/services/TIGERweb/State_County/MapServer/1/query | https://geocoding.geo.census.gov/geocoder/locations/address,"Derived: CMS hospital count / ACS population * 100,000",https://data.cms.gov/provider-data/dataset/xubh-q36u | https://api.census.gov/data/2024/acs/acs5,2026-08-22
42127,Wayne,41.648787,-75.303237,"U.S. Census Bureau, TIGERweb State/County boundaries",https://tigerweb.geo.census.gov/arcgis/rest/services/TIGERweb/State_County/MapServer/1/query,51262,25.57,12.12,6.84,ACS 2024 5-year,"U.S. Census Bureau, American Community Survey 2024 ACS 2024 5-year (via Census Reporter mirror)",https://api.census.gov/data/2024/acs/acs5,https://api.censusreporter.org/1.0/data/show/latest?table_ids=B01001%2CB17001%2CB27010&geo_ids=05000US42127,1,5.5,1.95,Rural,Derived from ACS population threshold; not an official rurality designation,"U.S. Centers for Medicare & Medicaid Services, Hospital General Information",https://data.cms.gov/provider-data/dataset/xubh-q36u,Derived: county boundary centroid + geocoded CMS hospital addresses,https://tigerweb.geo.census.gov/arcgis/rest/services/TIGERweb/State_County/MapServer/1/query | https://geocoding.geo.census.gov/geocoder/locations/address,"Derived: CMS hospital count / ACS population * 100,000",https://data.cms.gov/provider-data/dataset/xubh-q36u | https://api.census.gov/data/2024/acs/acs5,2026-08-22
42129,Westmoreland,40.310929,-79.46678,"U.S. Census Bureau, TIGERweb State/County boundaries",https://tigerweb.geo.census.gov/arcgis/rest/services/TIGERweb/State_County/MapServer/1/query,350935,25.63,10.61,3.08,ACS 2024 1-year,"U.S. Census Bureau, American Community Survey 2024 ACS 2024 1-year (via Census Reporter mirror)",https://api.census.gov/data/2024/acs/acs1,https://api.censusreporter.org/1.0/data/show/latest?table_ids=B01001%2CB17001%2CB27010&geo_ids=05000US42129,3,4.7,0.85,County market,Derived from ACS population threshold; not an official rurality designation,"U.S. Centers for Medicare & Medicaid Services, Hospital General Information",https://data.cms.gov/provider-data/dataset/xubh-q36u,Derived: county boundary centroid + geocoded CMS hospital addresses,https://tigerweb.geo.census.gov/arcgis/rest/services/TIGERweb/State_County/MapServer/1/query | https://geocoding.geo.census.gov/geocoder/locations/address,"Derived: CMS hospital count / ACS population * 100,000",https://data.cms.gov/provider-data/dataset/xubh-q36u | https://api.census.gov/data/2024/acs/acs5,2026-08-22
42131,Wyoming,41.518391,-76.016361,"U.S. Census Bureau, TIGERweb State/County boundaries",https://tigerweb.geo.census.gov/arcgis/rest/services/TIGERweb/State_County/MapServer/1/query,25967,22.93,11.52,3.9,ACS 2024 5-year,"U.S. Census Bureau, American Community Survey 2024 ACS 2024 5-year (via Census Reporter mirror)",https://api.census.gov/data/2024/acs/acs5,https://api.censusreporter.org/1.0/data/show/latest?table_ids=B01001%2CB17001%2CB27010&geo_ids=05000US42131,0,19.6,0.0,Rural,Derived from ACS population threshold; not an official rurality designation,"U.S. Centers for Medicare & Medicaid Services, Hospital General Information",https://data.cms.gov/provider-data/dataset/xubh-q36u,Derived: county boundary centroid + geocoded CMS hospital addresses,https://tigerweb.geo.census.gov/arcgis/rest/services/TIGERweb/State_County/MapServer/1/query | https://geocoding.geo.census.gov/geocoder/locations/address,"Derived: CMS hospital count / ACS population * 100,000",https://data.cms.gov/provider-data/dataset/xubh-q36u | https://api.census.gov/data/2024/acs/acs5,2026-08-22
42133,York,39.91996,-76.72651,"U.S. Census Bureau, TIGERweb State/County boundaries",https://tigerweb.geo.census.gov/arcgis/rest/services/TIGERweb/State_County/MapServer/1/query,471240,19.56,9.43,5.18,ACS 2024 1-year,"U.S. Census Bureau, American Community Survey 2024 ACS 2024 1-year (via Census Reporter mirror)",https://api.census.gov/data/2024/acs/acs1,https://api.censusreporter.org/1.0/data/show/latest?table_ids=B01001%2CB17001%2CB27010&geo_ids=05000US42133,4,0.5,0.85,County market,Derived from ACS population threshold; not an official rurality designation,"U.S. Centers for Medicare & Medicaid Services, Hospital General Information",https://data.cms.gov/provider-data/dataset/xubh-q36u,Derived: county boundary centroid + geocoded CMS hospital addresses,https://tigerweb.geo.census.gov/arcgis/rest/services/TIGERweb/State_County/MapServer/1/query | https://geocoding.geo.census.gov/geocoder/locations/address,"Derived: CMS hospital count / ACS population * 100,000",https://data.cms.gov/provider-data/dataset/xubh-q36u | https://api.census.gov/data/2024/acs/acs5,2026-08-22
