facility_id,facility_name,county,hospital_type,emergency_services,hospital_ownership,address,city,zip,lat,lon,source_cms,source_cms_url,source_geocoder,source_geocoder_url,retrieved_at
390001,GEISINGER-COMMUNITY MEDICAL CENTER,Lackawanna,Acute Care Hospitals,Yes,Voluntary non-profit - Private,1822 MULBERRY STREET,SCRANTON,18510,41.400927,-75.646323,"U.S. Centers for Medicare & Medicaid Services, Hospital General Information",https://data.cms.gov/provider-data/dataset/xubh-q36u,"U.S. Census Bureau, Census Geocoder",https://geocoding.geo.census.gov/geocoder/locations/address,2026-08-22
390002,UPMC MCKEESPORT HOSPITAL,Allegheny,Acute Care Hospitals,Yes,Voluntary non-profit - Private,1500 FIFTH AVENUE,MC KEESPORT,15132,40.352106,-79.850313,"U.S. Centers for Medicare & Medicaid Services, Hospital General Information",https://data.cms.gov/provider-data/dataset/xubh-q36u,"U.S. Census Bureau, Census Geocoder",https://geocoding.geo.census.gov/geocoder/locations/address,2026-08-22
390003,GEISINGER-BLOOMSBURG HOSPITAL,Columbia,Acute Care Hospitals,Yes,Voluntary non-profit - Private,549 EAST FAIR STREET,BLOOMSBURG,17815,41.008564,-76.453098,"U.S. Centers for Medicare & Medicaid Services, Hospital General Information",https://data.cms.gov/provider-data/dataset/xubh-q36u,"U.S. Census Bureau, Census Geocoder",https://geocoding.geo.census.gov/geocoder/locations/address,2026-08-22
390004,PENN STATE HEALTH HOLY SPIRIT MEDICAL CENTER,Cumberland,Acute Care Hospitals,Yes,Voluntary non-profit - Private,503 NORTH 21ST STREET,CAMP HILL,17011,40.252519,-76.92373,"U.S. Centers for Medicare & Medicaid Services, Hospital General Information",https://data.cms.gov/provider-data/dataset/xubh-q36u,"U.S. Census Bureau, Census Geocoder",https://geocoding.geo.census.gov/geocoder/locations/address,2026-08-22
390006,GEISINGER MEDICAL CENTER,Montour,Acute Care Hospitals,Yes,Voluntary non-profit - Private,100 NORTH ACADEMY AVENUE,DANVILLE,17822,40.968387,-76.601411,"U.S. Centers for Medicare & Medicaid Services, Hospital General Information",https://data.cms.gov/provider-data/dataset/xubh-q36u,"U.S. Census Bureau, Census Geocoder",https://geocoding.geo.census.gov/geocoder/locations/address,2026-08-22
390009,SAINT VINCENT HOSPITAL,Erie,Acute Care Hospitals,Yes,Voluntary non-profit - Private,232 WEST 25TH STREET,ERIE,16544,42.111178,-80.078736,"U.S. Centers for Medicare & Medicaid Services, Hospital General Information",https://data.cms.gov/provider-data/dataset/xubh-q36u,"U.S. Census Bureau, Census Geocoder",https://geocoding.geo.census.gov/geocoder/locations/address,2026-08-22
390012,JEFFERSON LANSDALE HOSPITAL,Montgomery,Acute Care Hospitals,Yes,Voluntary non-profit - Private,100 MEDICAL CAMPUS DRIVE,LANSDALE,19446,40.251392,-75.272034,"U.S. Centers for Medicare & Medicaid Services, Hospital General Information",https://data.cms.gov/provider-data/dataset/xubh-q36u,"U.S. Census Bureau, Census Geocoder",https://geocoding.geo.census.gov/geocoder/locations/address,2026-08-22
390013,WELLSPAN EVANGELICAL COMMUNITY HOSPITAL,Union,Acute Care Hospitals,Yes,Voluntary non-profit - Private,ONE HOSPITAL DRIVE,LEWISBURG,17837,40.979959,-76.885418,"U.S. Centers for Medicare & Medicaid Services, Hospital General Information",https://data.cms.gov/provider-data/dataset/xubh-q36u,"U.S. Census Bureau, Census Geocoder",https://geocoding.geo.census.gov/geocoder/locations/address,2026-08-22
390016,UPMC JAMESON,Lawrence,Acute Care Hospitals,Yes,Voluntary non-profit - Other,1211 WILMINGTON AVENUE,NEW CASTLE,16105,41.013048,-80.350969,"U.S. Centers for Medicare & Medicaid Services, Hospital General Information",https://data.cms.gov/provider-data/dataset/xubh-q36u,"U.S. Census Bureau, Census Geocoder",https://geocoding.geo.census.gov/geocoder/locations/address,2026-08-22
390025,KENSINGTON HOSPITAL,Philadelphia,Acute Care Hospitals,No,Voluntary non-profit - Other,136 W DIAMOND STREET,PHILADELPHIA,19122,39.981823,-75.134807,"U.S. Centers for Medicare & Medicaid Services, Hospital General Information",https://data.cms.gov/provider-data/dataset/xubh-q36u,"U.S. Census Bureau, Census Geocoder",https://geocoding.geo.census.gov/geocoder/locations/address,2026-08-22
390026,TEMPLE HEALTH - CHESTNUT HILL HOSPITAL,Philadelphia,Acute Care Hospitals,Yes,Voluntary non-profit - Private,8835 GERMANTOWN AVENUE,PHILADELPHIA,19118,40.078604,-75.212073,"U.S. Centers for Medicare & Medicaid Services, Hospital General Information",https://data.cms.gov/provider-data/dataset/xubh-q36u,"U.S. Census Bureau, Census Geocoder",https://geocoding.geo.census.gov/geocoder/locations/address,2026-08-22
390027,TEMPLE UNIVERSITY HOSPITAL,Philadelphia,Acute Care Hospitals,Yes,Voluntary non-profit - Private,3401 NORTH BROAD STREET,PHILADELPHIA,19140,40.004733,-75.152149,"U.S. Centers for Medicare & Medicaid Services, Hospital General Information",https://data.cms.gov/provider-data/dataset/xubh-q36u,"U.S. Census Bureau, Census Geocoder",https://geocoding.geo.census.gov/geocoder/locations/address,2026-08-22
390030,SCHUYLKILL MEDICAL CENTER - SOUTH JACKSON STREET,Schuylkill,Acute Care Hospitals,Yes,Voluntary non-profit - Private,420 SOUTH JACKSON STREET,POTTSVILLE,17901,40.68371,-76.188706,"U.S. Centers for Medicare & Medicaid Services, Hospital General Information",https://data.cms.gov/provider-data/dataset/xubh-q36u,"U.S. Census Bureau, Census Geocoder",https://geocoding.geo.census.gov/geocoder/locations/address,2026-08-22
390032,ALLEGHENY VALLEY HOSPITAL,Allegheny,Acute Care Hospitals,Yes,Voluntary non-profit - Private,1301 CARLISLE ST,NATRONA,15065,40.617465,-79.737103,"U.S. Centers for Medicare & Medicaid Services, Hospital General Information",https://data.cms.gov/provider-data/dataset/xubh-q36u,"U.S. Census Bureau, Census Geocoder",https://geocoding.geo.census.gov/geocoder/locations/address,2026-08-22
390036,HERITAGE VALLEY BEAVER,Beaver,Acute Care Hospitals,Yes,Voluntary non-profit - Private,1000 DUTCH RIDGE ROAD,BEAVER,15009,40.710401,-80.324391,"U.S. Centers for Medicare & Medicaid Services, Hospital General Information",https://data.cms.gov/provider-data/dataset/xubh-q36u,"U.S. Census Bureau, Census Geocoder",https://geocoding.geo.census.gov/geocoder/locations/address,2026-08-22
390037,HERITAGE VALLEY SEWICKLEY,Allegheny,Acute Care Hospitals,Yes,Voluntary non-profit - Private,720 BLACKBURN ROAD,SEWICKLEY,15143,40.543368,-80.178897,"U.S. Centers for Medicare & Medicaid Services, Hospital General Information",https://data.cms.gov/provider-data/dataset/xubh-q36u,"U.S. Census Bureau, Census Geocoder",https://geocoding.geo.census.gov/geocoder/locations/address,2026-08-22
390039,UPMC SOMERSET,Somerset,Acute Care Hospitals,Yes,Voluntary non-profit - Private,225 SOUTH CENTER AVENUE,SOMERSET,15501,40.00726,-79.078548,"U.S. Centers for Medicare & Medicaid Services, Hospital General Information",https://data.cms.gov/provider-data/dataset/xubh-q36u,"U.S. Census Bureau, Census Geocoder",https://geocoding.geo.census.gov/geocoder/locations/address,2026-08-22
390042,"WASHINGTON HOSPITAL, THE",Washington,Acute Care Hospitals,Yes,Voluntary non-profit - Private,155 WILSON AVENUE,WASHINGTON,15301,40.182768,-80.246194,"U.S. Centers for Medicare & Medicaid Services, Hospital General Information",https://data.cms.gov/provider-data/dataset/xubh-q36u,"U.S. Census Bureau, Census Geocoder",https://geocoding.geo.census.gov/geocoder/locations/address,2026-08-22
390044,READING HOSPITAL,Berks,Acute Care Hospitals,Yes,Voluntary non-profit - Private,420 S 5TH AVENUE,WEST READING,19611,40.330456,-75.948257,"U.S. Centers for Medicare & Medicaid Services, Hospital General Information",https://data.cms.gov/provider-data/dataset/xubh-q36u,"U.S. Census Bureau, Census Geocoder",https://geocoding.geo.census.gov/geocoder/locations/address,2026-08-22
390046,WELLSPAN YORK HOSPITAL,York,Acute Care Hospitals,Yes,Voluntary non-profit - Private,1001 SOUTH GEORGE STREET,YORK,17403,39.946642,-76.720372,"U.S. Centers for Medicare & Medicaid Services, Hospital General Information",https://data.cms.gov/provider-data/dataset/xubh-q36u,"U.S. Census Bureau, Census Geocoder",https://geocoding.geo.census.gov/geocoder/locations/address,2026-08-22
390049,ST LUKES HOSPITAL,Northampton,Acute Care Hospitals,Yes,Voluntary non-profit - Private,801 OSTRUM STREET,BETHLEHEM,18015,40.609212,-75.392133,"U.S. Centers for Medicare & Medicaid Services, Hospital General Information",https://data.cms.gov/provider-data/dataset/xubh-q36u,"U.S. Census Bureau, Census Geocoder",https://geocoding.geo.census.gov/geocoder/locations/address,2026-08-22
390050,ALLEGHENY GENERAL HOSPITAL,Allegheny,Acute Care Hospitals,Yes,Voluntary non-profit - Private,320 EAST NORTH AVENUE,PITTSBURGH,15212,40.456122,-80.003423,"U.S. Centers for Medicare & Medicaid Services, Hospital General Information",https://data.cms.gov/provider-data/dataset/xubh-q36u,"U.S. Census Bureau, Census Geocoder",https://geocoding.geo.census.gov/geocoder/locations/address,2026-08-22
390056,PENN HIGHLANDS HUNTINGDON,Huntingdon,Acute Care Hospitals,Yes,Voluntary non-profit - Private,1225 WARM SPRINGS AVE,HUNTINGDON,16652,40.494673,-78.013313,"U.S. Centers for Medicare & Medicaid Services, Hospital General Information",https://data.cms.gov/provider-data/dataset/xubh-q36u,"U.S. Census Bureau, Census Geocoder",https://geocoding.geo.census.gov/geocoder/locations/address,2026-08-22
390057,ST LUKE'S HOSPITAL - GRAND VIEW CAMPUS,Bucks,Acute Care Hospitals,Yes,Voluntary non-profit - Other,700 LAWN AVENUE,SELLERSVILLE,18960,40.362563,-75.32429,"U.S. Centers for Medicare & Medicaid Services, Hospital General Information",https://data.cms.gov/provider-data/dataset/xubh-q36u,"U.S. Census Bureau, Census Geocoder",https://geocoding.geo.census.gov/geocoder/locations/address,2026-08-22
390058,UPMC CARLISLE,Cumberland,Acute Care Hospitals,Yes,Voluntary non-profit - Private,361 ALEXANDER SPRING ROAD,CARLISLE,17015,40.184621,-77.225088,"U.S. Centers for Medicare & Medicaid Services, Hospital General Information",https://data.cms.gov/provider-data/dataset/xubh-q36u,"U.S. Census Bureau, Census Geocoder",https://geocoding.geo.census.gov/geocoder/locations/address,2026-08-22
390062,CONEMAUGH NASON MEDICAL CENTER,Blair,Acute Care Hospitals,Yes,Voluntary non-profit - Other,105 NASON DRIVE,ROARING SPRING,16673,40.337874,-78.388042,"U.S. Centers for Medicare & Medicaid Services, Hospital General Information",https://data.cms.gov/provider-data/dataset/xubh-q36u,"U.S. Census Bureau, Census Geocoder",https://geocoding.geo.census.gov/geocoder/locations/address,2026-08-22
390063,UPMC HAMOT,Erie,Acute Care Hospitals,Yes,Voluntary non-profit - Private,201 STATE STREET,ERIE,16550,42.133312,-80.087721,"U.S. Centers for Medicare & Medicaid Services, Hospital General Information",https://data.cms.gov/provider-data/dataset/xubh-q36u,"U.S. Census Bureau, Census Geocoder",https://geocoding.geo.census.gov/geocoder/locations/address,2026-08-22
390065,GETTYSBURG HOSPITAL,Adams,Acute Care Hospitals,Yes,Voluntary non-profit - Private,147 GETTYS STREET,GETTYSBURG,17325,39.823337,-77.233777,"U.S. Centers for Medicare & Medicaid Services, Hospital General Information",https://data.cms.gov/provider-data/dataset/xubh-q36u,"U.S. Census Bureau, Census Geocoder",https://geocoding.geo.census.gov/geocoder/locations/address,2026-08-22
390066,WELLSPAN GOOD SAMARITAN HOSPITAL,Lebanon,Acute Care Hospitals,Yes,Voluntary non-profit - Private,252 SOUTH 4TH STREET,LEBANON,17042,40.335906,-76.417265,"U.S. Centers for Medicare & Medicaid Services, Hospital General Information",https://data.cms.gov/provider-data/dataset/xubh-q36u,"U.S. Census Bureau, Census Geocoder",https://geocoding.geo.census.gov/geocoder/locations/address,2026-08-22
390067,UPMC PINNACLE HOSPITALS,Dauphin,Acute Care Hospitals,Yes,Voluntary non-profit - Private,409 SOUTH SECOND STREET,HARRISBURG,17104,40.256594,-76.875845,"U.S. Centers for Medicare & Medicaid Services, Hospital General Information",https://data.cms.gov/provider-data/dataset/xubh-q36u,"U.S. Census Bureau, Census Geocoder",https://geocoding.geo.census.gov/geocoder/locations/address,2026-08-22
390068,UPMC LITITZ,Lancaster,Acute Care Hospitals,Yes,Voluntary non-profit - Other,1500 HIGHLANDS DRIVE,LITITZ,17543,40.13285,-76.309646,"U.S. Centers for Medicare & Medicaid Services, Hospital General Information",https://data.cms.gov/provider-data/dataset/xubh-q36u,"U.S. Census Bureau, Census Geocoder",https://geocoding.geo.census.gov/geocoder/locations/address,2026-08-22
390070,LOWER BUCKS HOSPITAL,Bucks,Acute Care Hospitals,Yes,Voluntary non-profit - Private,501 BATH ROAD,BRISTOL,19007,40.104491,-74.864828,"U.S. Centers for Medicare & Medicaid Services, Hospital General Information",https://data.cms.gov/provider-data/dataset/xubh-q36u,"U.S. Census Bureau, Census Geocoder",https://geocoding.geo.census.gov/geocoder/locations/address,2026-08-22
390073,UPMC ALTOONA,Blair,Acute Care Hospitals,Yes,Voluntary non-profit - Private,620 HOWARD AVENUE,ALTOONA,16601,40.521437,-78.397988,"U.S. Centers for Medicare & Medicaid Services, Hospital General Information",https://data.cms.gov/provider-data/dataset/xubh-q36u,"U.S. Census Bureau, Census Geocoder",https://geocoding.geo.census.gov/geocoder/locations/address,2026-08-22
390086,PENN HIGHLANDS DUBOIS,Clearfield,Acute Care Hospitals,Yes,Voluntary non-profit - Private,100 HOSPITAL AVENUE,DUBOIS,15801,41.113909,-78.774887,"U.S. Centers for Medicare & Medicaid Services, Hospital General Information",https://data.cms.gov/provider-data/dataset/xubh-q36u,"U.S. Census Bureau, Census Geocoder",https://geocoding.geo.census.gov/geocoder/locations/address,2026-08-22
390090,WEST PENN HOSPITAL,Allegheny,Acute Care Hospitals,Yes,Voluntary non-profit - Private,4800 FRIENDSHIP AVENUE,PITTSBURGH,15224,40.46239,-79.946781,"U.S. Centers for Medicare & Medicaid Services, Hospital General Information",https://data.cms.gov/provider-data/dataset/xubh-q36u,"U.S. Census Bureau, Census Geocoder",https://geocoding.geo.census.gov/geocoder/locations/address,2026-08-22
390091,UPMC NORTHWEST,Venango,Acute Care Hospitals,Yes,Voluntary non-profit - Other,100 FAIRFIELD DRIVE,SENECA,16346,41.359822,-79.702449,"U.S. Centers for Medicare & Medicaid Services, Hospital General Information",https://data.cms.gov/provider-data/dataset/xubh-q36u,"U.S. Census Bureau, Census Geocoder",https://geocoding.geo.census.gov/geocoder/locations/address,2026-08-22
390096,PENN STATE HEALTH ST. JOSEPH,Berks,Acute Care Hospitals,Yes,Voluntary non-profit - Private,2500 BERNVILLE ROAD,READING,19605,40.377628,-75.980223,"U.S. Centers for Medicare & Medicaid Services, Hospital General Information",https://data.cms.gov/provider-data/dataset/xubh-q36u,"U.S. Census Bureau, Census Geocoder",https://geocoding.geo.census.gov/geocoder/locations/address,2026-08-22
390097,HOLY REDEEMER HOSPITAL AND MEDICAL CENTER,Montgomery,Acute Care Hospitals,Yes,Voluntary non-profit - Church,1648 HUNTINGDON PIKE,MEADOWBROOK,19046,40.108934,-75.081204,"U.S. Centers for Medicare & Medicaid Services, Hospital General Information",https://data.cms.gov/provider-data/dataset/xubh-q36u,"U.S. Census Bureau, Census Geocoder",https://geocoding.geo.census.gov/geocoder/locations/address,2026-08-22
390100,LANCASTER GENERAL HOSPITAL,Lancaster,Acute Care Hospitals,Yes,Voluntary non-profit - Private,555 NORTH DUKE STREET,LANCASTER,17602,40.047122,-76.305298,"U.S. Centers for Medicare & Medicaid Services, Hospital General Information",https://data.cms.gov/provider-data/dataset/xubh-q36u,"U.S. Census Bureau, Census Geocoder",https://geocoding.geo.census.gov/geocoder/locations/address,2026-08-22
390102,UPMC ST MARGARET,Allegheny,Acute Care Hospitals,Yes,Voluntary non-profit - Private,815 FREEPORT ROAD,PITTSBURGH,15215,40.487544,-79.89626,"U.S. Centers for Medicare & Medicaid Services, Hospital General Information",https://data.cms.gov/provider-data/dataset/xubh-q36u,"U.S. Census Bureau, Census Geocoder",https://geocoding.geo.census.gov/geocoder/locations/address,2026-08-22
390107,UPMC PASSAVANT,Allegheny,Acute Care Hospitals,Yes,Voluntary non-profit - Private,9100 BABCOCK BOULEVARD,PITTSBURGH,15237,40.57448,-80.016357,"U.S. Centers for Medicare & Medicaid Services, Hospital General Information",https://data.cms.gov/provider-data/dataset/xubh-q36u,"U.S. Census Bureau, Census Geocoder",https://geocoding.geo.census.gov/geocoder/locations/address,2026-08-22
390110,CONEMAUGH MEMORIAL MEDICAL CENTER,Cambria,Acute Care Hospitals,Yes,Proprietary,1086 FRANKLIN STREET,JOHNSTOWN,15905,40.305887,-78.917391,"U.S. Centers for Medicare & Medicaid Services, Hospital General Information",https://data.cms.gov/provider-data/dataset/xubh-q36u,"U.S. Census Bureau, Census Geocoder",https://geocoding.geo.census.gov/geocoder/locations/address,2026-08-22
390111,HOSPITAL OF UNIV OF PENNSYLVANIA,Philadelphia,Acute Care Hospitals,Yes,Voluntary non-profit - Private,3400 SPRUCE ST,PHILADELPHIA,19104,39.950396,-75.192672,"U.S. Centers for Medicare & Medicaid Services, Hospital General Information",https://data.cms.gov/provider-data/dataset/xubh-q36u,"U.S. Census Bureau, Census Geocoder",https://geocoding.geo.census.gov/geocoder/locations/address,2026-08-22
390113,MEADVILLE MEDICAL CENTER,Crawford,Acute Care Hospitals,Yes,Voluntary non-profit - Private,751 LIBERTY STREET,MEADVILLE,16335,41.641691,-80.146293,"U.S. Centers for Medicare & Medicaid Services, Hospital General Information",https://data.cms.gov/provider-data/dataset/xubh-q36u,"U.S. Census Bureau, Census Geocoder",https://geocoding.geo.census.gov/geocoder/locations/address,2026-08-22
390114,MAGEE WOMENS HOSPITAL OF UPMC HEALTH SYSTEM,Allegheny,Acute Care Hospitals,Yes,Voluntary non-profit - Other,300 HALKET STREET,PITTSBURGH,15213,40.437641,-79.960326,"U.S. Centers for Medicare & Medicaid Services, Hospital General Information",https://data.cms.gov/provider-data/dataset/xubh-q36u,"U.S. Census Bureau, Census Geocoder",https://geocoding.geo.census.gov/geocoder/locations/address,2026-08-22
390116,SUBURBAN COMMUNITY HOSPITAL,Montgomery,Acute Care Hospitals,Yes,Voluntary non-profit - Private,2701 DEKALB PIKE,NORRISTOWN,19401,40.139519,-75.314846,"U.S. Centers for Medicare & Medicaid Services, Hospital General Information",https://data.cms.gov/provider-data/dataset/xubh-q36u,"U.S. Census Bureau, Census Geocoder",https://geocoding.geo.census.gov/geocoder/locations/address,2026-08-22
390123,POTTSTOWN HOSPITAL,Montgomery,Acute Care Hospitals,Yes,Voluntary non-profit - Private,1600 EAST HIGH STREET,POTTSTOWN,19464,40.243957,-75.613518,"U.S. Centers for Medicare & Medicaid Services, Hospital General Information",https://data.cms.gov/provider-data/dataset/xubh-q36u,"U.S. Census Bureau, Census Geocoder",https://geocoding.geo.census.gov/geocoder/locations/address,2026-08-22
390125,WAYNE MEMORIAL HOSPITAL,Wayne,Acute Care Hospitals,Yes,Voluntary non-profit - Private,601 PARK STREET,HONESDALE,18431,41.576595,-75.259434,"U.S. Centers for Medicare & Medicaid Services, Hospital General Information",https://data.cms.gov/provider-data/dataset/xubh-q36u,"U.S. Census Bureau, Census Geocoder",https://geocoding.geo.census.gov/geocoder/locations/address,2026-08-22
390127,PHOENIXVILLE HOSPITAL,Chester,Acute Care Hospitals,Yes,Voluntary non-profit - Private,140 NUTT ROAD,PHOENIXVILLE,19460,40.123965,-75.513937,"U.S. Centers for Medicare & Medicaid Services, Hospital General Information",https://data.cms.gov/provider-data/dataset/xubh-q36u,"U.S. Census Bureau, Census Geocoder",https://geocoding.geo.census.gov/geocoder/locations/address,2026-08-22
390133,LEHIGH VALLEY HOSPITAL,Lehigh,Acute Care Hospitals,Yes,Voluntary non-profit - Private,1200 SOUTH CEDAR CREST BOULEVARD,ALLENTOWN,18103,40.567148,-75.518737,"U.S. Centers for Medicare & Medicaid Services, Hospital General Information",https://data.cms.gov/provider-data/dataset/xubh-q36u,"U.S. Census Bureau, Census Geocoder",https://geocoding.geo.census.gov/geocoder/locations/address,2026-08-22
390137,WILKES-BARRE GENERAL HOSPITAL,Luzerne,Acute Care Hospitals,Yes,Proprietary,575 NORTH RIVER STREET,WILKES-BARRE,18764,41.257847,-75.868269,"U.S. Centers for Medicare & Medicaid Services, Hospital General Information",https://data.cms.gov/provider-data/dataset/xubh-q36u,"U.S. Census Bureau, Census Geocoder",https://geocoding.geo.census.gov/geocoder/locations/address,2026-08-22
390138,WELLSPAN WAYNESBORO HOSPITAL,Franklin,Acute Care Hospitals,Yes,Voluntary non-profit - Private,501 EAST MAIN ST,WAYNESBORO,17268,39.751606,-77.569764,"U.S. Centers for Medicare & Medicaid Services, Hospital General Information",https://data.cms.gov/provider-data/dataset/xubh-q36u,"U.S. Census Bureau, Census Geocoder",https://geocoding.geo.census.gov/geocoder/locations/address,2026-08-22
390139,BRYN MAWR HOSPITAL,Montgomery,Acute Care Hospitals,Yes,Voluntary non-profit - Private,130 SOUTH BRYN MAWR AVE,BRYN MAWR,19010,40.019065,-75.319957,"U.S. Centers for Medicare & Medicaid Services, Hospital General Information",https://data.cms.gov/provider-data/dataset/xubh-q36u,"U.S. Census Bureau, Census Geocoder",https://geocoding.geo.census.gov/geocoder/locations/address,2026-08-22
390145,EXCELA HEALTH WESTMORELAND REGIONAL HOSPITAL,Westmoreland,Acute Care Hospitals,Yes,Voluntary non-profit - Other,532 WEST PITTSBURGH STREET,GREENSBURG,15601,40.301121,-79.555109,"U.S. Centers for Medicare & Medicaid Services, Hospital General Information",https://data.cms.gov/provider-data/dataset/xubh-q36u,"U.S. Census Bureau, Census Geocoder",https://geocoding.geo.census.gov/geocoder/locations/address,2026-08-22
390146,WARREN GENERAL HOSPITAL,Warren,Acute Care Hospitals,Yes,Voluntary non-profit - Private,2 CRESCENT PARK WEST,WARREN,16365,41.842846,-79.156708,"U.S. Centers for Medicare & Medicaid Services, Hospital General Information",https://data.cms.gov/provider-data/dataset/xubh-q36u,"U.S. Census Bureau, Census Geocoder",https://geocoding.geo.census.gov/geocoder/locations/address,2026-08-22
390147,PENN HIGHLANDS MON VALLEY,Washington,Acute Care Hospitals,Yes,Voluntary non-profit - Private,1163 COUNTRY CLUB ROAD,MONONGAHELA,15063,40.18147,-79.916178,"U.S. Centers for Medicare & Medicaid Services, Hospital General Information",https://data.cms.gov/provider-data/dataset/xubh-q36u,"U.S. Census Bureau, Census Geocoder",https://geocoding.geo.census.gov/geocoder/locations/address,2026-08-22
390150,UPMC GREENE,Greene,Acute Care Hospitals,Yes,Voluntary non-profit - Private,350 BONAR AVENUE,WAYNESBURG,15370,39.900628,-80.173862,"U.S. Centers for Medicare & Medicaid Services, Hospital General Information",https://data.cms.gov/provider-data/dataset/xubh-q36u,"U.S. Census Bureau, Census Geocoder",https://geocoding.geo.census.gov/geocoder/locations/address,2026-08-22
390151,WELLSPAN CHAMBERSBURG HOSPITAL,Franklin,Acute Care Hospitals,Yes,Voluntary non-profit - Private,112 NORTH SEVENTH STREET,CHAMBERSBURG,17201,39.934695,-77.647472,"U.S. Centers for Medicare & Medicaid Services, Hospital General Information",https://data.cms.gov/provider-data/dataset/xubh-q36u,"U.S. Census Bureau, Census Geocoder",https://geocoding.geo.census.gov/geocoder/locations/address,2026-08-22
390153,PAOLI HOSPITAL,Chester,Acute Care Hospitals,Yes,Voluntary non-profit - Private,255 WEST LANCASTER AVENUE,PAOLI,19301,40.042109,-75.499784,"U.S. Centers for Medicare & Medicaid Services, Hospital General Information",https://data.cms.gov/provider-data/dataset/xubh-q36u,"U.S. Census Bureau, Census Geocoder",https://geocoding.geo.census.gov/geocoder/locations/address,2026-08-22
390156,MERCY CATHOLIC MEDICAL CENTER- MERCY FITZGERALD,Delaware,Acute Care Hospitals,Yes,Voluntary non-profit - Private,1500 LANSDOWNE  AVE,DARBY,19023,39.926535,-75.26807,"U.S. Centers for Medicare & Medicaid Services, Hospital General Information",https://data.cms.gov/provider-data/dataset/xubh-q36u,"U.S. Census Bureau, Census Geocoder",https://geocoding.geo.census.gov/geocoder/locations/address,2026-08-22
390160,CANONSBURG GENERAL HOSPITAL,Washington,Acute Care Hospitals,Yes,Voluntary non-profit - Private,100 MEDICAL BOULEVARD,CANONSBURG,15317,40.248793,-80.190046,"U.S. Centers for Medicare & Medicaid Services, Hospital General Information",https://data.cms.gov/provider-data/dataset/xubh-q36u,"U.S. Census Bureau, Census Geocoder",https://geocoding.geo.census.gov/geocoder/locations/address,2026-08-22
390162,ST LUKE'S HOSPITAL - EASTON CAMPUS,Northampton,Acute Care Hospitals,Yes,Voluntary non-profit - Private,250 SOUTH 21ST STREET,EASTON,18042,40.685931,-75.242737,"U.S. Centers for Medicare & Medicaid Services, Hospital General Information",https://data.cms.gov/provider-data/dataset/xubh-q36u,"U.S. Census Bureau, Census Geocoder",https://geocoding.geo.census.gov/geocoder/locations/address,2026-08-22
390163,ACMH HOSPITAL,Armstrong,Acute Care Hospitals,Yes,Voluntary non-profit - Private,ONE NOLTE DRIVE,KITTANNING,16201,40.811032,-79.562521,"U.S. Centers for Medicare & Medicaid Services, Hospital General Information",https://data.cms.gov/provider-data/dataset/xubh-q36u,"U.S. Census Bureau, Census Geocoder",https://geocoding.geo.census.gov/geocoder/locations/address,2026-08-22
390164,UPMC PRESBYTERIAN SHADYSIDE,Allegheny,Acute Care Hospitals,Yes,Voluntary non-profit - Private,200 LOTHROP STREET,PITTSBURGH,15213,40.441896,-79.96075,"U.S. Centers for Medicare & Medicaid Services, Hospital General Information",https://data.cms.gov/provider-data/dataset/xubh-q36u,"U.S. Census Bureau, Census Geocoder",https://geocoding.geo.census.gov/geocoder/locations/address,2026-08-22
390173,INDIANA REGIONAL MEDICAL CENTER,Indiana,Acute Care Hospitals,Yes,Voluntary non-profit - Private,835 HOSPITAL ROAD,INDIANA,15701,40.608085,-79.158899,"U.S. Centers for Medicare & Medicaid Services, Hospital General Information",https://data.cms.gov/provider-data/dataset/xubh-q36u,"U.S. Census Bureau, Census Geocoder",https://geocoding.geo.census.gov/geocoder/locations/address,2026-08-22
390174,THOMAS JEFFERSON UNIVERSITY HOSPITAL,Philadelphia,Acute Care Hospitals,Yes,Voluntary non-profit - Private,111 SOUTH 11TH STREET,PHILADELPHIA,19107,39.949675,-75.158674,"U.S. Centers for Medicare & Medicaid Services, Hospital General Information",https://data.cms.gov/provider-data/dataset/xubh-q36u,"U.S. Census Bureau, Census Geocoder",https://geocoding.geo.census.gov/geocoder/locations/address,2026-08-22
390178,UPMC HORIZON,Mercer,Acute Care Hospitals,Yes,Voluntary non-profit - Private,110 NORTH MAIN STREET,GREENVILLE,16125,41.411157,-80.372424,"U.S. Centers for Medicare & Medicaid Services, Hospital General Information",https://data.cms.gov/provider-data/dataset/xubh-q36u,"U.S. Census Bureau, Census Geocoder",https://geocoding.geo.census.gov/geocoder/locations/address,2026-08-22
390179,CHESTER COUNTY HOSPITAL,Chester,Acute Care Hospitals,Yes,Voluntary non-profit - Private,701 EAST MARSHALL STREET,WEST CHESTER,19380,39.970485,-75.60136,"U.S. Centers for Medicare & Medicaid Services, Hospital General Information",https://data.cms.gov/provider-data/dataset/xubh-q36u,"U.S. Census Bureau, Census Geocoder",https://geocoding.geo.census.gov/geocoder/locations/address,2026-08-22
390180,CROZER CHESTER MEDICAL CENTER,Delaware,Acute Care Hospitals,Yes,Voluntary non-profit - Other,ONE MEDICAL CENTER BOULEVARD,UPLAND,19013,39.85718,-75.366534,"U.S. Centers for Medicare & Medicaid Services, Hospital General Information",https://data.cms.gov/provider-data/dataset/xubh-q36u,"U.S. Census Bureau, Census Geocoder",https://geocoding.geo.census.gov/geocoder/locations/address,2026-08-22
390184,PENN HIGHLANDS CONNELLSVILLE,Fayette,Acute Care Hospitals,Yes,Voluntary non-profit - Private,401 EAST MURPHY AVENUE,CONNELLSVILLE,15425,40.023126,-79.587292,"U.S. Centers for Medicare & Medicaid Services, Hospital General Information",https://data.cms.gov/provider-data/dataset/xubh-q36u,"U.S. Census Bureau, Census Geocoder",https://geocoding.geo.census.gov/geocoder/locations/address,2026-08-22
390185,LEHIGH VALLEY HOSPITAL - HAZLETON,Luzerne,Acute Care Hospitals,Yes,Voluntary non-profit - Other,700 EAST BROAD STREET,HAZLETON,18201,40.95011,-75.963001,"U.S. Centers for Medicare & Medicaid Services, Hospital General Information",https://data.cms.gov/provider-data/dataset/xubh-q36u,"U.S. Census Bureau, Census Geocoder",https://geocoding.geo.census.gov/geocoder/locations/address,2026-08-22
390195,MAIN LINE HOSPITAL LANKENAU,Montgomery,Acute Care Hospitals,Yes,Voluntary non-profit - Private,100 LANCASTER AVE,WYNNEWOOD,19096,39.990264,-75.258042,"U.S. Centers for Medicare & Medicaid Services, Hospital General Information",https://data.cms.gov/provider-data/dataset/xubh-q36u,"U.S. Census Bureau, Census Geocoder",https://geocoding.geo.census.gov/geocoder/locations/address,2026-08-22
390198,LECOM MEDICAL CENTER AND BEHAVIORAL HEALTH PAV,Erie,Acute Care Hospitals,Yes,Voluntary non-profit - Private,5515 PEACH STREET,ERIE,16509,42.073509,-80.093533,"U.S. Centers for Medicare & Medicaid Services, Hospital General Information",https://data.cms.gov/provider-data/dataset/xubh-q36u,"U.S. Census Bureau, Census Geocoder",https://geocoding.geo.census.gov/geocoder/locations/address,2026-08-22
390199,PUNXSUTAWNEY AREA HOSPITAL,Jefferson,Acute Care Hospitals,Yes,Voluntary non-profit - Private,81 HILLCREST DRIVE,PUNXSUTAWNEY,15767,40.960236,-78.999979,"U.S. Centers for Medicare & Medicaid Services, Hospital General Information",https://data.cms.gov/provider-data/dataset/xubh-q36u,"U.S. Census Bureau, Census Geocoder",https://geocoding.geo.census.gov/geocoder/locations/address,2026-08-22
390201,LEHIGH VALLEY HOSPITAL - POCONO,Monroe,Acute Care Hospitals,Yes,Voluntary non-profit - Private,206 EAST BROWN STREET,EAST STROUDSBURG,18301,40.992265,-75.174743,"U.S. Centers for Medicare & Medicaid Services, Hospital General Information",https://data.cms.gov/provider-data/dataset/xubh-q36u,"U.S. Census Bureau, Census Geocoder",https://geocoding.geo.census.gov/geocoder/locations/address,2026-08-22
390203,DOYLESTOWN HOSPITAL,Bucks,Acute Care Hospitals,Yes,Voluntary non-profit - Private,595 WEST STATE ST,DOYLESTOWN,18901,40.304618,-75.143822,"U.S. Centers for Medicare & Medicaid Services, Hospital General Information",https://data.cms.gov/provider-data/dataset/xubh-q36u,"U.S. Census Bureau, Census Geocoder",https://geocoding.geo.census.gov/geocoder/locations/address,2026-08-22
390204,NAZARETH HOSPITAL,Philadelphia,Acute Care Hospitals,Yes,Voluntary non-profit - Private,2601 HOLME AVE,PHILADELPHIA,19152,40.058339,-75.042753,"U.S. Centers for Medicare & Medicaid Services, Hospital General Information",https://data.cms.gov/provider-data/dataset/xubh-q36u,"U.S. Census Bureau, Census Geocoder",https://geocoding.geo.census.gov/geocoder/locations/address,2026-08-22
390211,SHARON REGIONAL MEDICAL CENTER,Mercer,Acute Care Hospitals,Yes,Proprietary,740 EAST STATE STREET,SHARON,16146,41.232952,-80.496028,"U.S. Centers for Medicare & Medicaid Services, Hospital General Information",https://data.cms.gov/provider-data/dataset/xubh-q36u,"U.S. Census Bureau, Census Geocoder",https://geocoding.geo.census.gov/geocoder/locations/address,2026-08-22
390217,EXCELA HEALTH - FRICK HOSPITAL,Westmoreland,Acute Care Hospitals,Yes,Voluntary non-profit - Other,508 SOUTH CHURCH STREET,MOUNT PLEASANT,15666,40.145819,-79.548028,"U.S. Centers for Medicare & Medicaid Services, Hospital General Information",https://data.cms.gov/provider-data/dataset/xubh-q36u,"U.S. Census Bureau, Census Geocoder",https://geocoding.geo.census.gov/geocoder/locations/address,2026-08-22
390222,RIDDLE MEMORIAL HOSPITAL,Delaware,Acute Care Hospitals,Yes,Voluntary non-profit - Private,1068 WEST BALTIMORE PIKE,MEDIA,19063,39.914232,-75.430192,"U.S. Centers for Medicare & Medicaid Services, Hospital General Information",https://data.cms.gov/provider-data/dataset/xubh-q36u,"U.S. Census Bureau, Census Geocoder",https://geocoding.geo.census.gov/geocoder/locations/address,2026-08-22
390223,PENN PRESBYTERIAN MEDICAL CENTER,Philadelphia,Acute Care Hospitals,Yes,Voluntary non-profit - Other,51 NORTH 39TH STREET,PHILADELPHIA,19104,39.957217,-75.19947,"U.S. Centers for Medicare & Medicaid Services, Hospital General Information",https://data.cms.gov/provider-data/dataset/xubh-q36u,"U.S. Census Bureau, Census Geocoder",https://geocoding.geo.census.gov/geocoder/locations/address,2026-08-22
390225,WELLSPAN EPHRATA COMMUNITY HOSPITAL,Lancaster,Acute Care Hospitals,Yes,Voluntary non-profit - Other,169 MARTIN AVENUE,EPHRATA,17522,40.186494,-76.18404,"U.S. Centers for Medicare & Medicaid Services, Hospital General Information",https://data.cms.gov/provider-data/dataset/xubh-q36u,"U.S. Census Bureau, Census Geocoder",https://geocoding.geo.census.gov/geocoder/locations/address,2026-08-22
390226,PENNSYLVANIA HOSPITAL,Philadelphia,Acute Care Hospitals,Yes,Voluntary non-profit - Private,800 SPRUCE STREET,PHILADELPHIA,19107,39.94568,-75.154846,"U.S. Centers for Medicare & Medicaid Services, Hospital General Information",https://data.cms.gov/provider-data/dataset/xubh-q36u,"U.S. Census Bureau, Census Geocoder",https://geocoding.geo.census.gov/geocoder/locations/address,2026-08-22
390228,ST CLAIR HOSPITAL,Allegheny,Acute Care Hospitals,Yes,Voluntary non-profit - Private,1000 BOWER HILL ROAD,PITTSBURGH,15243,40.378035,-80.065128,"U.S. Centers for Medicare & Medicaid Services, Hospital General Information",https://data.cms.gov/provider-data/dataset/xubh-q36u,"U.S. Census Bureau, Census Geocoder",https://geocoding.geo.census.gov/geocoder/locations/address,2026-08-22
390231,JEFFERSON ABINGTON HOSPITAL,Montgomery,Acute Care Hospitals,Yes,Voluntary non-profit - Private,1200 OLD YORK ROAD,ABINGTON,19001,40.117451,-75.120313,"U.S. Centers for Medicare & Medicaid Services, Hospital General Information",https://data.cms.gov/provider-data/dataset/xubh-q36u,"U.S. Census Bureau, Census Geocoder",https://geocoding.geo.census.gov/geocoder/locations/address,2026-08-22
390233,UPMC HANOVER,York,Acute Care Hospitals,Yes,Voluntary non-profit - Private,300 HIGHLAND AVE,HANOVER,17331,39.808057,-76.983659,"U.S. Centers for Medicare & Medicaid Services, Hospital General Information",https://data.cms.gov/provider-data/dataset/xubh-q36u,"U.S. Census Bureau, Census Geocoder",https://geocoding.geo.census.gov/geocoder/locations/address,2026-08-22
390237,REGIONAL HOSPITAL OF SCRANTON,Lackawanna,Acute Care Hospitals,Yes,Proprietary,746 JEFFERSON AVENUE,SCRANTON,18501,41.412824,-75.653991,"U.S. Centers for Medicare & Medicaid Services, Hospital General Information",https://data.cms.gov/provider-data/dataset/xubh-q36u,"U.S. Census Bureau, Census Geocoder",https://geocoding.geo.census.gov/geocoder/locations/address,2026-08-22
390265,JEFFERSON HOSPITAL,Allegheny,Acute Care Hospitals,Yes,Voluntary non-profit - Private,565 COAL VALLEY ROAD,JEFFERSON HILLS,15025,40.319656,-79.933747,"U.S. Centers for Medicare & Medicaid Services, Hospital General Information",https://data.cms.gov/provider-data/dataset/xubh-q36u,"U.S. Census Bureau, Census Geocoder",https://geocoding.geo.census.gov/geocoder/locations/address,2026-08-22
390267,FORBES HOSPITAL,Allegheny,Acute Care Hospitals,Yes,Voluntary non-profit - Private,2570 HAYMAKER ROAD,MONROEVILLE,15146,40.426619,-79.750816,"U.S. Centers for Medicare & Medicaid Services, Hospital General Information",https://data.cms.gov/provider-data/dataset/xubh-q36u,"U.S. Census Bureau, Census Geocoder",https://geocoding.geo.census.gov/geocoder/locations/address,2026-08-22
390270,GEISINGER WYOMING VALLEY MEDICAL CENTER,Luzerne,Acute Care Hospitals,Yes,Voluntary non-profit - Private,1000 EAST MOUNTAIN BOULEVARD,WILKES BARRE,18711,41.256885,-75.811713,"U.S. Centers for Medicare & Medicaid Services, Hospital General Information",https://data.cms.gov/provider-data/dataset/xubh-q36u,"U.S. Census Bureau, Census Geocoder",https://geocoding.geo.census.gov/geocoder/locations/address,2026-08-22
390272,VALLEY FORGE MEDICAL CENTER,Montgomery,Acute Care Hospitals,No,Proprietary,1033 WEST GERMANTOWN PIKE,NORRISTOWN,19403,40.156546,-75.368814,"U.S. Centers for Medicare & Medicaid Services, Hospital General Information",https://data.cms.gov/provider-data/dataset/xubh-q36u,"U.S. Census Bureau, Census Geocoder",https://geocoding.geo.census.gov/geocoder/locations/address,2026-08-22
390304,ROXBOROUGH MEMORIAL HOSPITAL,Philadelphia,Acute Care Hospitals,Yes,Proprietary,5800 RIDGE AVE,PHILADELPHIA,19128,40.028518,-75.210353,"U.S. Centers for Medicare & Medicaid Services, Hospital General Information",https://data.cms.gov/provider-data/dataset/xubh-q36u,"U.S. Census Bureau, Census Geocoder",https://geocoding.geo.census.gov/geocoder/locations/address,2026-08-22
390307,EDGEWOOD SURGICAL HOSPITAL,Mercer,Acute Care Hospitals,No,Physician,239 EDGEWOOD DRIVE EXTENSION,TRANSFER,16154,41.330103,-80.419674,"U.S. Centers for Medicare & Medicaid Services, Hospital General Information",https://data.cms.gov/provider-data/dataset/xubh-q36u,"U.S. Census Bureau, Census Geocoder",https://geocoding.geo.census.gov/geocoder/locations/address,2026-08-22
390316,SURGICAL INSTITUTE OF READING,Berks,Acute Care Hospitals,No,Physician,2752 CENTURY BOULEVARD,WYOMISSING,19610,40.35817,-75.987049,"U.S. Centers for Medicare & Medicaid Services, Hospital General Information",https://data.cms.gov/provider-data/dataset/xubh-q36u,"U.S. Census Bureau, Census Geocoder",https://geocoding.geo.census.gov/geocoder/locations/address,2026-08-22
390322,ROTHMAN ORTHOPAEDIC SPECIALTY HOSPITAL,Bucks,Acute Care Hospitals,No,Proprietary,3300 TILLMAN DRIVE,BENSALEM,19020,40.116807,-74.96128,"U.S. Centers for Medicare & Medicaid Services, Hospital General Information",https://data.cms.gov/provider-data/dataset/xubh-q36u,"U.S. Census Bureau, Census Geocoder",https://geocoding.geo.census.gov/geocoder/locations/address,2026-08-22
390323,ADVANCED SURGICAL HOSPITAL,Washington,Acute Care Hospitals,No,Physician,100 TRICH DRIVE,WASHINGTON,15301,40.157003,-80.280773,"U.S. Centers for Medicare & Medicaid Services, Hospital General Information",https://data.cms.gov/provider-data/dataset/xubh-q36u,"U.S. Census Bureau, Census Geocoder",https://geocoding.geo.census.gov/geocoder/locations/address,2026-08-22
390324,PHYSICIANS CARE SURGICAL HOSPITAL,Montgomery,Acute Care Hospitals,No,Physician,454 ENTERPRISE DRIVE,ROYERSFORD,19468,40.216775,-75.554121,"U.S. Centers for Medicare & Medicaid Services, Hospital General Information",https://data.cms.gov/provider-data/dataset/xubh-q36u,"U.S. Census Bureau, Census Geocoder",https://geocoding.geo.census.gov/geocoder/locations/address,2026-08-22
390325,OSS ORTHOPAEDIC HOSPITAL,York,Acute Care Hospitals,No,Proprietary,1861 POWDER MILL RD,YORK,17402,39.916667,-76.696721,"U.S. Centers for Medicare & Medicaid Services, Hospital General Information",https://data.cms.gov/provider-data/dataset/xubh-q36u,"U.S. Census Bureau, Census Geocoder",https://geocoding.geo.census.gov/geocoder/locations/address,2026-08-22
390327,WELLSPAN SURGERY AND REHABILITATION HOSPITAL,York,Acute Care Hospitals,No,Voluntary non-profit - Private,55 MONUMENT ROAD,YORK,17403,39.922946,-76.717843,"U.S. Centers for Medicare & Medicaid Services, Hospital General Information",https://data.cms.gov/provider-data/dataset/xubh-q36u,"U.S. Census Bureau, Census Geocoder",https://geocoding.geo.census.gov/geocoder/locations/address,2026-08-22
390328,UPMC EAST,Allegheny,Acute Care Hospitals,Yes,Voluntary non-profit - Private,2775 MOSSIDE BOULEVARD,MONROEVILLE,15146,40.437553,-79.759507,"U.S. Centers for Medicare & Medicaid Services, Hospital General Information",https://data.cms.gov/provider-data/dataset/xubh-q36u,"U.S. Census Bureau, Census Geocoder",https://geocoding.geo.census.gov/geocoder/locations/address,2026-08-22
390329,JEFFERSON EINSTEIN MONTGOMERY HOSPITAL,Montgomery,Acute Care Hospitals,Yes,Voluntary non-profit - Private,559 WEST GERMANTOWN PIKE,EAST NORRITON,19403,40.150576,-75.341824,"U.S. Centers for Medicare & Medicaid Services, Hospital General Information",https://data.cms.gov/provider-data/dataset/xubh-q36u,"U.S. Census Bureau, Census Geocoder",https://geocoding.geo.census.gov/geocoder/locations/address,2026-08-22
390330,ST LUKE'S HOSPITAL - MONROE CAMPUS,Monroe,Acute Care Hospitals,Yes,Voluntary non-profit - Private,100 ST LUKE'S LANE,STROUDSBURG,18360,40.997316,-75.261334,"U.S. Centers for Medicare & Medicaid Services, Hospital General Information",https://data.cms.gov/provider-data/dataset/xubh-q36u,"U.S. Census Bureau, Census Geocoder",https://geocoding.geo.census.gov/geocoder/locations/address,2026-08-22
390331,WILLS EYE HOSPITAL,Philadelphia,Acute Care Hospitals,No,Voluntary non-profit - Private,840 WALNUT STREET,PHILADELPHIA,19107,39.948237,-75.155904,"U.S. Centers for Medicare & Medicaid Services, Hospital General Information",https://data.cms.gov/provider-data/dataset/xubh-q36u,"U.S. Census Bureau, Census Geocoder",https://geocoding.geo.census.gov/geocoder/locations/address,2026-08-22
390333,"AHN EMERUS WESTMORELAND, LLC",Westmoreland,Acute Care Hospitals,Yes,Proprietary,6321 ROUTE 30,GREENSBURG,15601,40.310165,-79.600192,"U.S. Centers for Medicare & Medicaid Services, Hospital General Information",https://data.cms.gov/provider-data/dataset/xubh-q36u,"U.S. Census Bureau, Census Geocoder",https://geocoding.geo.census.gov/geocoder/locations/address,2026-08-22
390334,AHN WEXFORD HOSPITAL,Allegheny,Acute Care Hospitals,Yes,Voluntary non-profit - Private,12351 PERRY HIGHWAY,WEXFORD,15090,40.63411,-80.060372,"U.S. Centers for Medicare & Medicaid Services, Hospital General Information",https://data.cms.gov/provider-data/dataset/xubh-q36u,"U.S. Census Bureau, Census Geocoder",https://geocoding.geo.census.gov/geocoder/locations/address,2026-08-22
390336,PENN STATE HEALTH HAMPDEN MEDICAL CENTER,Cumberland,Acute Care Hospitals,Yes,Voluntary non-profit - Private,2200 GOOD HOPE ROAD,ENOLA,17025,40.291826,-76.986582,"U.S. Centers for Medicare & Medicaid Services, Hospital General Information",https://data.cms.gov/provider-data/dataset/xubh-q36u,"U.S. Census Bureau, Census Geocoder",https://geocoding.geo.census.gov/geocoder/locations/address,2026-08-22
390338,LEHIGH VALLEY HOSPITAL - DICKSON CITY,Lackawanna,Acute Care Hospitals,Yes,Voluntary non-profit - Private,330 MAIN STREET,DICKSON CITY,18519,41.453615,-75.632879,"U.S. Centers for Medicare & Medicaid Services, Hospital General Information",https://data.cms.gov/provider-data/dataset/xubh-q36u,"U.S. Census Bureau, Census Geocoder",https://geocoding.geo.census.gov/geocoder/locations/address,2026-08-22
390339,PENN STATE HEALTH LANCASTER MEDICAL CENTER,Lancaster,Acute Care Hospitals,Yes,Voluntary non-profit - Private,2160 STATE ROAD,LANCASTER,17601,40.08137,-76.382023,"U.S. Centers for Medicare & Medicaid Services, Hospital General Information",https://data.cms.gov/provider-data/dataset/xubh-q36u,"U.S. Census Bureau, Census Geocoder",https://geocoding.geo.census.gov/geocoder/locations/address,2026-08-22
390430,LEHIGH VALLEY HOSPITAL - MACUNGIE,Lehigh,Acute Care Hospitals,Yes,Proprietary,3369 STATE ROUTE 100,MACUNGIE,18062,40.518726,-75.563338,"U.S. Centers for Medicare & Medicaid Services, Hospital General Information",https://data.cms.gov/provider-data/dataset/xubh-q36u,"U.S. Census Bureau, Census Geocoder",https://geocoding.geo.census.gov/geocoder/locations/address,2026-08-22
